phase,cycle,pixel,op,bus_window,fetch,tick_actions,predicate_mask,fetch_plan,commit_plan,addr_formula0,addr_formula1
PHI1,0,0,REFRESH,0,REFRESH,0,0,REFRESH,REFRESH,REFRESH,NONE
PHI1,0,1,REFRESH,0,NONE,0,0,NONE,NONE,NONE,NONE
PHI1,0,2,REFRESH,0,NONE,0,0,NONE,NONE,NONE,NONE
PHI1,0,3,REFRESH,0,NONE,0,0,NONE,NONE,NONE,NONE
PHI1,0,4,REFRESH,0,NONE,0,0,NONE,NONE,NONE,NONE
PHI1,0,5,REFRESH,0,NONE,0,0,NONE,NONE,NONE,NONE
PHI1,0,6,REFRESH,0,NONE,0,0,NONE,NONE,NONE,NONE
PHI1,0,7,REFRESH,0,NONE,0,0,NONE,NONE,NONE,NONE
PHI1,1,0,REFRESH,0,REFRESH,0,0,REFRESH,REFRESH,REFRESH,NONE
PHI1,1,1,REFRESH,0,NONE,0,0,NONE,NONE,NONE,NONE
PHI1,1,2,REFRESH,0,NONE,0,0,NONE,NONE,NONE,NONE
PHI1,1,3,REFRESH,0,NONE,0,0,NONE,NONE,NONE,NONE
PHI1,1,4,REFRESH,0,NONE,0,0,NONE,NONE,NONE,NONE
PHI1,1,5,REFRESH,0,NONE,0,0,NONE,NONE,NONE,NONE
PHI1,1,6,REFRESH,0,NONE,0,0,NONE,NONE,NONE,NONE
PHI1,1,7,REFRESH,0,NONE,0,0,NONE,NONE,NONE,NONE
PHI1,2,0,REFRESH,0,REFRESH,0,0,REFRESH,REFRESH,REFRESH,NONE
PHI1,2,1,REFRESH,0,NONE,0,0,NONE,NONE,NONE,NONE
PHI1,2,2,REFRESH,0,NONE,0,0,NONE,NONE,NONE,NONE
PHI1,2,3,REFRESH,0,NONE,0,0,NONE,NONE,NONE,NONE
PHI1,2,4,REFRESH,0,NONE,0,0,NONE,NONE,NONE,NONE
PHI1,2,5,REFRESH,0,NONE,0,0,NONE,NONE,NONE,NONE
PHI1,2,6,REFRESH,0,NONE,0,0,NONE,NONE,NONE,NONE
PHI1,2,7,REFRESH,0,NONE,0,0,NONE,NONE,NONE,NONE
PHI1,3,0,REFRESH,0,REFRESH,0,0,REFRESH,REFRESH,REFRESH,NONE
PHI1,3,1,REFRESH,0,NONE,0,0,NONE,NONE,NONE,NONE
PHI1,3,2,REFRESH,0,NONE,0,0,NONE,NONE,NONE,NONE
PHI1,3,3,REFRESH,0,NONE,0,0,NONE,NONE,NONE,NONE
PHI1,3,4,REFRESH,0,NONE,0,0,NONE,NONE,NONE,NONE
PHI1,3,5,REFRESH,0,NONE,0,0,NONE,NONE,NONE,NONE
PHI1,3,6,REFRESH,0,NONE,0,0,NONE,NONE,NONE,NONE
PHI1,3,7,REFRESH,0,NONE,0,0,NONE,NONE,NONE,NONE
PHI1,4,0,REFRESH,0,REFRESH,0,0,REFRESH,REFRESH,REFRESH,NONE
PHI1,4,1,REFRESH,0,NONE,0,0,NONE,NONE,NONE,NONE
PHI1,4,2,REFRESH,0,NONE,0,0,NONE,NONE,NONE,NONE
PHI1,4,3,REFRESH,0,NONE,0,0,NONE,NONE,NONE,NONE
PHI1,4,4,REFRESH,0,NONE,0,0,NONE,NONE,NONE,NONE
PHI1,4,5,REFRESH,0,NONE,0,0,NONE,NONE,NONE,NONE
PHI1,4,6,REFRESH,0,NONE,0,0,NONE,NONE,NONE,NONE
PHI1,4,7,REFRESH,0,NONE,0,0,NONE,NONE,NONE,NONE
PHI1,5,0,REFRESH,0,REFRESH,0,0,REFRESH,REFRESH,REFRESH,NONE
PHI1,5,1,REFRESH,0,NONE,0,0,NONE,NONE,NONE,NONE
PHI1,5,2,REFRESH,0,NONE,0,0,NONE,NONE,NONE,NONE
PHI1,5,3,REFRESH,0,NONE,0,0,NONE,NONE,NONE,NONE
PHI1,5,4,REFRESH,0,NONE,0,0,NONE,NONE,NONE,NONE
PHI1,5,5,REFRESH,0,NONE,0,0,NONE,NONE,NONE,NONE
PHI1,5,6,REFRESH,0,NONE,0,0,NONE,NONE,NONE,NONE
PHI1,5,7,REFRESH,0,NONE,0,0,NONE,NONE,NONE,NONE
PHI1,6,0,REFRESH,0,REFRESH,0,0,REFRESH,REFRESH,REFRESH,NONE
PHI1,6,1,REFRESH,0,NONE,0,0,NONE,NONE,NONE,NONE
PHI1,6,2,REFRESH,0,NONE,0,0,NONE,NONE,NONE,NONE
PHI1,6,3,REFRESH,0,NONE,0,0,NONE,NONE,NONE,NONE
PHI1,6,4,REFRESH,0,NONE,0,0,NONE,NONE,NONE,NONE
PHI1,6,5,REFRESH,0,NONE,0,0,NONE,NONE,NONE,NONE
PHI1,6,6,REFRESH,0,NONE,0,0,NONE,NONE,NONE,NONE
PHI1,6,7,REFRESH,0,NONE,0,0,NONE,NONE,NONE,NONE
PHI1,7,0,REFRESH,0,REFRESH,0,0,REFRESH,REFRESH,REFRESH,NONE
PHI1,7,1,REFRESH,0,NONE,0,0,NONE,NONE,NONE,NONE
PHI1,7,2,REFRESH,0,NONE,0,0,NONE,NONE,NONE,NONE
PHI1,7,3,REFRESH,0,NONE,0,0,NONE,NONE,NONE,NONE
PHI1,7,4,REFRESH,0,NONE,0,0,NONE,NONE,NONE,NONE
PHI1,7,5,REFRESH,0,NONE,0,0,NONE,NONE,NONE,NONE
PHI1,7,6,REFRESH,0,NONE,0,0,NONE,NONE,NONE,NONE
PHI1,7,7,REFRESH,0,NONE,0,0,NONE,NONE,NONE,NONE
PHI1,8,0,SPRITE,0,SPRITE_PTR,0,1,SPRITE_PTR,SPRITE_PTR,SPRITE_PTR,NONE
PHI1,8,1,SPRITE,0,SPRITE_DATA0,0,1,SPRITE_DATA0,SPRITE_DATA0,SPRITE_DATA0,NONE
PHI1,8,2,SPRITE,0,SPRITE_DATA1,0,1,SPRITE_DATA1,SPRITE_DATA1,SPRITE_DATA1,NONE
PHI1,8,3,SPRITE,0,SPRITE_DATA2,0,1,SPRITE_DATA2,SPRITE_DATA2,SPRITE_DATA2,NONE
PHI1,8,4,SPRITE,0,NONE,0,1,NONE,NONE,NONE,NONE
PHI1,8,5,SPRITE,0,NONE,0,1,NONE,NONE,NONE,NONE
PHI1,8,6,SPRITE,0,NONE,0,1,NONE,NONE,NONE,NONE
PHI1,8,7,SPRITE,0,NONE,0,1,NONE,NONE,NONE,NONE
PHI1,9,0,SPRITE,0,SPRITE_PTR,0,1,SPRITE_PTR,SPRITE_PTR,SPRITE_PTR,NONE
PHI1,9,1,SPRITE,0,SPRITE_DATA0,0,1,SPRITE_DATA0,SPRITE_DATA0,SPRITE_DATA0,NONE
PHI1,9,2,SPRITE,0,SPRITE_DATA1,0,1,SPRITE_DATA1,SPRITE_DATA1,SPRITE_DATA1,NONE
PHI1,9,3,SPRITE,0,SPRITE_DATA2,0,1,SPRITE_DATA2,SPRITE_DATA2,SPRITE_DATA2,NONE
PHI1,9,4,SPRITE,0,NONE,0,1,NONE,NONE,NONE,NONE
PHI1,9,5,SPRITE,0,NONE,0,1,NONE,NONE,NONE,NONE
PHI1,9,6,SPRITE,0,NONE,0,1,NONE,NONE,NONE,NONE
PHI1,9,7,SPRITE,0,NONE,0,1,NONE,NONE,NONE,NONE
PHI1,10,0,SPRITE,0,SPRITE_PTR,0,1,SPRITE_PTR,SPRITE_PTR,SPRITE_PTR,NONE
PHI1,10,1,SPRITE,0,SPRITE_DATA0,0,1,SPRITE_DATA0,SPRITE_DATA0,SPRITE_DATA0,NONE
PHI1,10,2,SPRITE,0,SPRITE_DATA1,0,1,SPRITE_DATA1,SPRITE_DATA1,SPRITE_DATA1,NONE
PHI1,10,3,SPRITE,0,SPRITE_DATA2,0,1,SPRITE_DATA2,SPRITE_DATA2,SPRITE_DATA2,NONE
PHI1,10,4,SPRITE,0,NONE,0,1,NONE,NONE,NONE,NONE
PHI1,10,5,SPRITE,0,NONE,0,1,NONE,NONE,NONE,NONE
PHI1,10,6,SPRITE,0,NONE,0,1,NONE,NONE,NONE,NONE
PHI1,10,7,SPRITE,0,NONE,0,1,NONE,NONE,NONE,NONE
PHI1,11,0,SPRITE,0,SPRITE_PTR,0,1,SPRITE_PTR,SPRITE_PTR,SPRITE_PTR,NONE
PHI1,11,1,SPRITE,0,SPRITE_DATA0,0,1,SPRITE_DATA0,SPRITE_DATA0,SPRITE_DATA0,NONE
PHI1,11,2,SPRITE,0,SPRITE_DATA1,0,1,SPRITE_DATA1,SPRITE_DATA1,SPRITE_DATA1,NONE
PHI1,11,3,SPRITE,0,SPRITE_DATA2,0,1,SPRITE_DATA2,SPRITE_DATA2,SPRITE_DATA2,NONE
PHI1,11,4,SPRITE,0,NONE,0,1,NONE,NONE,NONE,NONE
PHI1,11,5,SPRITE,0,NONE,0,1,NONE,NONE,NONE,NONE
PHI1,11,6,SPRITE,0,NONE,0,1,NONE,NONE,NONE,NONE
PHI1,11,7,SPRITE,0,NONE,0,1,NONE,NONE,NONE,NONE
PHI1,12,0,SPRITE,0,SPRITE_PTR,1,3,SPRITE_PTR,SPRITE_PTR,SPRITE_PTR,NONE
PHI1,12,1,SPRITE,0,SPRITE_DATA0,0,1,SPRITE_DATA0,SPRITE_DATA0,SPRITE_DATA0,NONE
PHI1,12,2,SPRITE,0,SPRITE_DATA1,0,1,SPRITE_DATA1,SPRITE_DATA1,SPRITE_DATA1,NONE
PHI1,12,3,SPRITE,0,SPRITE_DATA2,0,1,SPRITE_DATA2,SPRITE_DATA2,SPRITE_DATA2,NONE
PHI1,12,4,SPRITE,0,NONE,0,1,NONE,NONE,NONE,NONE
PHI1,12,5,SPRITE,0,NONE,0,1,NONE,NONE,NONE,NONE
PHI1,12,6,SPRITE,0,NONE,0,1,NONE,NONE,NONE,NONE
PHI1,12,7,SPRITE,0,NONE,0,1,NONE,NONE,NONE,NONE
PHI1,13,0,SPRITE,0,SPRITE_PTR,0,1,SPRITE_PTR,SPRITE_PTR,SPRITE_PTR,NONE
PHI1,13,1,SPRITE,0,SPRITE_DATA0,0,1,SPRITE_DATA0,SPRITE_DATA0,SPRITE_DATA0,NONE
PHI1,13,2,SPRITE,0,SPRITE_DATA1,0,1,SPRITE_DATA1,SPRITE_DATA1,SPRITE_DATA1,NONE
PHI1,13,3,SPRITE,0,SPRITE_DATA2,0,1,SPRITE_DATA2,SPRITE_DATA2,SPRITE_DATA2,NONE
PHI1,13,4,SPRITE,0,NONE,0,1,NONE,NONE,NONE,NONE
PHI1,13,5,SPRITE,0,NONE,0,1,NONE,NONE,NONE,NONE
PHI1,13,6,SPRITE,0,NONE,0,1,NONE,NONE,NONE,NONE
PHI1,13,7,SPRITE,0,NONE,0,1,NONE,NONE,NONE,NONE
PHI1,14,0,SPRITE,0,SPRITE_PTR,0,1,SPRITE_PTR,SPRITE_PTR,SPRITE_PTR,NONE
PHI1,14,1,SPRITE,0,SPRITE_DATA0,0,1,SPRITE_DATA0,SPRITE_DATA0,SPRITE_DATA0,NONE
PHI1,14,2,SPRITE,0,SPRITE_DATA1,0,1,SPRITE_DATA1,SPRITE_DATA1,SPRITE_DATA1,NONE
PHI1,14,3,SPRITE,0,SPRITE_DATA2,0,1,SPRITE_DATA2,SPRITE_DATA2,SPRITE_DATA2,NONE
PHI1,14,4,SPRITE,0,NONE,0,1,NONE,NONE,NONE,NONE
PHI1,14,5,SPRITE,0,NONE,0,1,NONE,NONE,NONE,NONE
PHI1,14,6,SPRITE,0,NONE,0,1,NONE,NONE,NONE,NONE
PHI1,14,7,SPRITE,0,NONE,0,1,NONE,NONE,NONE,NONE
PHI1,15,0,VIDEO,0,VIDEO_MEMPTR_SCREEN,0,0,VIDEO_MEMPTR_SCREEN,VIDEO_MEMPTR_SCREEN,VIDEO_MEMPTR,VIDEO_SCREEN
PHI1,15,1,VIDEO,0,VIDEO_COLOR,0,0,VIDEO_COLOR,VIDEO_COLOR,VIDEO_COLOR,NONE
PHI1,15,2,VIDEO,0,VIDEO_PATTERN,0,0,VIDEO_PATTERN,VIDEO_PATTERN,VIDEO_PATTERN,NONE
PHI1,15,3,VIDEO,0,NONE,0,0,NONE,NONE,NONE,NONE
PHI1,15,4,VIDEO,0,NONE,0,0,NONE,NONE,NONE,NONE
PHI1,15,5,VIDEO,0,NONE,0,0,NONE,NONE,NONE,NONE
PHI1,15,6,VIDEO,0,NONE,0,0,NONE,NONE,NONE,NONE
PHI1,15,7,VIDEO,0,NONE,0,0,NONE,NONE,NONE,NONE
PHI1,16,0,VIDEO,0,VIDEO_MEMPTR_SCREEN,0,0,VIDEO_MEMPTR_SCREEN,VIDEO_MEMPTR_SCREEN,VIDEO_MEMPTR,VIDEO_SCREEN
PHI1,16,1,VIDEO,0,VIDEO_COLOR,0,0,VIDEO_COLOR,VIDEO_COLOR,VIDEO_COLOR,NONE
PHI1,16,2,VIDEO,0,VIDEO_PATTERN,0,0,VIDEO_PATTERN,VIDEO_PATTERN,VIDEO_PATTERN,NONE
PHI1,16,3,VIDEO,0,NONE,0,0,NONE,NONE,NONE,NONE
PHI1,16,4,VIDEO,0,NONE,0,0,NONE,NONE,NONE,NONE
PHI1,16,5,VIDEO,0,NONE,0,0,NONE,NONE,NONE,NONE
PHI1,16,6,VIDEO,0,NONE,0,0,NONE,NONE,NONE,NONE
PHI1,16,7,VIDEO,0,NONE,0,0,NONE,NONE,NONE,NONE
PHI1,17,0,VIDEO,0,VIDEO_MEMPTR_SCREEN,0,0,VIDEO_MEMPTR_SCREEN,VIDEO_MEMPTR_SCREEN,VIDEO_MEMPTR,VIDEO_SCREEN
PHI1,17,1,VIDEO,0,VIDEO_COLOR,0,0,VIDEO_COLOR,VIDEO_COLOR,VIDEO_COLOR,NONE
PHI1,17,2,VIDEO,0,VIDEO_PATTERN,0,0,VIDEO_PATTERN,VIDEO_PATTERN,VIDEO_PATTERN,NONE
PHI1,17,3,VIDEO,0,NONE,0,0,NONE,NONE,NONE,NONE
PHI1,17,4,VIDEO,0,NONE,0,0,NONE,NONE,NONE,NONE
PHI1,17,5,VIDEO,0,NONE,0,0,NONE,NONE,NONE,NONE
PHI1,17,6,VIDEO,0,NONE,0,0,NONE,NONE,NONE,NONE
PHI1,17,7,VIDEO,0,NONE,0,0,NONE,NONE,NONE,NONE
PHI1,18,0,VIDEO,0,VIDEO_MEMPTR_SCREEN,0,0,VIDEO_MEMPTR_SCREEN,VIDEO_MEMPTR_SCREEN,VIDEO_MEMPTR,VIDEO_SCREEN
PHI1,18,1,VIDEO,0,VIDEO_COLOR,0,0,VIDEO_COLOR,VIDEO_COLOR,VIDEO_COLOR,NONE
PHI1,18,2,VIDEO,0,VIDEO_PATTERN,0,0,VIDEO_PATTERN,VIDEO_PATTERN,VIDEO_PATTERN,NONE
PHI1,18,3,VIDEO,0,NONE,0,0,NONE,NONE,NONE,NONE
PHI1,18,4,VIDEO,0,NONE,0,0,NONE,NONE,NONE,NONE
PHI1,18,5,VIDEO,0,NONE,0,0,NONE,NONE,NONE,NONE
PHI1,18,6,VIDEO,0,NONE,0,0,NONE,NONE,NONE,NONE
PHI1,18,7,VIDEO,0,NONE,0,0,NONE,NONE,NONE,NONE
PHI1,19,0,VIDEO,0,VIDEO_MEMPTR_SCREEN,0,0,VIDEO_MEMPTR_SCREEN,VIDEO_MEMPTR_SCREEN,VIDEO_MEMPTR,VIDEO_SCREEN
PHI1,19,1,VIDEO,0,VIDEO_COLOR,0,0,VIDEO_COLOR,VIDEO_COLOR,VIDEO_COLOR,NONE
PHI1,19,2,VIDEO,0,VIDEO_PATTERN,0,0,VIDEO_PATTERN,VIDEO_PATTERN,VIDEO_PATTERN,NONE
PHI1,19,3,VIDEO,0,NONE,0,0,NONE,NONE,NONE,NONE
PHI1,19,4,VIDEO,0,NONE,0,0,NONE,NONE,NONE,NONE
PHI1,19,5,VIDEO,0,NONE,0,0,NONE,NONE,NONE,NONE
PHI1,19,6,VIDEO,0,NONE,0,0,NONE,NONE,NONE,NONE
PHI1,19,7,VIDEO,0,NONE,0,0,NONE,NONE,NONE,NONE
PHI1,20,0,VIDEO,0,VIDEO_MEMPTR_SCREEN,0,0,VIDEO_MEMPTR_SCREEN,VIDEO_MEMPTR_SCREEN,VIDEO_MEMPTR,VIDEO_SCREEN
PHI1,20,1,VIDEO,0,VIDEO_COLOR,0,0,VIDEO_COLOR,VIDEO_COLOR,VIDEO_COLOR,NONE
PHI1,20,2,VIDEO,0,VIDEO_PATTERN,0,0,VIDEO_PATTERN,VIDEO_PATTERN,VIDEO_PATTERN,NONE
PHI1,20,3,VIDEO,0,NONE,0,0,NONE,NONE,NONE,NONE
PHI1,20,4,VIDEO,0,NONE,0,0,NONE,NONE,NONE,NONE
PHI1,20,5,VIDEO,0,NONE,0,0,NONE,NONE,NONE,NONE
PHI1,20,6,VIDEO,0,NONE,0,0,NONE,NONE,NONE,NONE
PHI1,20,7,VIDEO,0,NONE,0,0,NONE,NONE,NONE,NONE
PHI1,21,0,VIDEO,0,VIDEO_MEMPTR_SCREEN,0,0,VIDEO_MEMPTR_SCREEN,VIDEO_MEMPTR_SCREEN,VIDEO_MEMPTR,VIDEO_SCREEN
PHI1,21,1,VIDEO,0,VIDEO_COLOR,0,0,VIDEO_COLOR,VIDEO_COLOR,VIDEO_COLOR,NONE
PHI1,21,2,VIDEO,0,VIDEO_PATTERN,0,0,VIDEO_PATTERN,VIDEO_PATTERN,VIDEO_PATTERN,NONE
PHI1,21,3,VIDEO,0,NONE,0,0,NONE,NONE,NONE,NONE
PHI1,21,4,VIDEO,0,NONE,0,0,NONE,NONE,NONE,NONE
PHI1,21,5,VIDEO,0,NONE,0,0,NONE,NONE,NONE,NONE
PHI1,21,6,VIDEO,0,NONE,0,0,NONE,NONE,NONE,NONE
PHI1,21,7,VIDEO,0,NONE,0,0,NONE,NONE,NONE,NONE
PHI1,22,0,VIDEO,0,VIDEO_MEMPTR_SCREEN,0,0,VIDEO_MEMPTR_SCREEN,VIDEO_MEMPTR_SCREEN,VIDEO_MEMPTR,VIDEO_SCREEN
PHI1,22,1,VIDEO,0,VIDEO_COLOR,0,0,VIDEO_COLOR,VIDEO_COLOR,VIDEO_COLOR,NONE
PHI1,22,2,VIDEO,0,VIDEO_PATTERN,0,0,VIDEO_PATTERN,VIDEO_PATTERN,VIDEO_PATTERN,NONE
PHI1,22,3,VIDEO,0,NONE,0,0,NONE,NONE,NONE,NONE
PHI1,22,4,VIDEO,0,NONE,0,0,NONE,NONE,NONE,NONE
PHI1,22,5,VIDEO,0,NONE,0,0,NONE,NONE,NONE,NONE
PHI1,22,6,VIDEO,0,NONE,0,0,NONE,NONE,NONE,NONE
PHI1,22,7,VIDEO,0,NONE,0,0,NONE,NONE,NONE,NONE
PHI1,23,0,VIDEO,0,VIDEO_MEMPTR_SCREEN,0,0,VIDEO_MEMPTR_SCREEN,VIDEO_MEMPTR_SCREEN,VIDEO_MEMPTR,VIDEO_SCREEN
PHI1,23,1,VIDEO,0,VIDEO_COLOR,0,0,VIDEO_COLOR,VIDEO_COLOR,VIDEO_COLOR,NONE
PHI1,23,2,VIDEO,0,VIDEO_PATTERN,0,0,VIDEO_PATTERN,VIDEO_PATTERN,VIDEO_PATTERN,NONE
PHI1,23,3,VIDEO,0,NONE,0,0,NONE,NONE,NONE,NONE
PHI1,23,4,VIDEO,0,NONE,0,0,NONE,NONE,NONE,NONE
PHI1,23,5,VIDEO,0,NONE,0,0,NONE,NONE,NONE,NONE
PHI1,23,6,VIDEO,0,NONE,0,0,NONE,NONE,NONE,NONE
PHI1,23,7,VIDEO,0,NONE,0,0,NONE,NONE,NONE,NONE
PHI1,24,0,VIDEO,0,VIDEO_MEMPTR_SCREEN,0,0,VIDEO_MEMPTR_SCREEN,VIDEO_MEMPTR_SCREEN,VIDEO_MEMPTR,VIDEO_SCREEN
PHI1,24,1,VIDEO,0,VIDEO_COLOR,0,0,VIDEO_COLOR,VIDEO_COLOR,VIDEO_COLOR,NONE
PHI1,24,2,VIDEO,0,VIDEO_PATTERN,0,0,VIDEO_PATTERN,VIDEO_PATTERN,VIDEO_PATTERN,NONE
PHI1,24,3,VIDEO,0,NONE,0,0,NONE,NONE,NONE,NONE
PHI1,24,4,VIDEO,0,NONE,0,0,NONE,NONE,NONE,NONE
PHI1,24,5,VIDEO,0,NONE,0,0,NONE,NONE,NONE,NONE
PHI1,24,6,VIDEO,0,NONE,0,0,NONE,NONE,NONE,NONE
PHI1,24,7,VIDEO,0,NONE,0,0,NONE,NONE,NONE,NONE
PHI1,25,0,VIDEO,0,VIDEO_MEMPTR_SCREEN,0,0,VIDEO_MEMPTR_SCREEN,VIDEO_MEMPTR_SCREEN,VIDEO_MEMPTR,VIDEO_SCREEN
PHI1,25,1,VIDEO,0,VIDEO_COLOR,0,0,VIDEO_COLOR,VIDEO_COLOR,VIDEO_COLOR,NONE
PHI1,25,2,VIDEO,0,VIDEO_PATTERN,0,0,VIDEO_PATTERN,VIDEO_PATTERN,VIDEO_PATTERN,NONE
PHI1,25,3,VIDEO,0,NONE,0,0,NONE,NONE,NONE,NONE
PHI1,25,4,VIDEO,0,NONE,0,0,NONE,NONE,NONE,NONE
PHI1,25,5,VIDEO,0,NONE,0,0,NONE,NONE,NONE,NONE
PHI1,25,6,VIDEO,0,NONE,0,0,NONE,NONE,NONE,NONE
PHI1,25,7,VIDEO,0,NONE,0,0,NONE,NONE,NONE,NONE
PHI1,26,0,VIDEO,0,VIDEO_MEMPTR_SCREEN,0,0,VIDEO_MEMPTR_SCREEN,VIDEO_MEMPTR_SCREEN,VIDEO_MEMPTR,VIDEO_SCREEN
PHI1,26,1,VIDEO,0,VIDEO_COLOR,0,0,VIDEO_COLOR,VIDEO_COLOR,VIDEO_COLOR,NONE
PHI1,26,2,VIDEO,0,VIDEO_PATTERN,0,0,VIDEO_PATTERN,VIDEO_PATTERN,VIDEO_PATTERN,NONE
PHI1,26,3,VIDEO,0,NONE,0,0,NONE,NONE,NONE,NONE
PHI1,26,4,VIDEO,0,NONE,0,0,NONE,NONE,NONE,NONE
PHI1,26,5,VIDEO,0,NONE,0,0,NONE,NONE,NONE,NONE
PHI1,26,6,VIDEO,0,NONE,0,0,NONE,NONE,NONE,NONE
PHI1,26,7,VIDEO,0,NONE,0,0,NONE,NONE,NONE,NONE
PHI1,27,0,VIDEO,0,VIDEO_MEMPTR_SCREEN,0,0,VIDEO_MEMPTR_SCREEN,VIDEO_MEMPTR_SCREEN,VIDEO_MEMPTR,VIDEO_SCREEN
PHI1,27,1,VIDEO,0,VIDEO_COLOR,0,0,VIDEO_COLOR,VIDEO_COLOR,VIDEO_COLOR,NONE
PHI1,27,2,VIDEO,0,VIDEO_PATTERN,0,0,VIDEO_PATTERN,VIDEO_PATTERN,VIDEO_PATTERN,NONE
PHI1,27,3,VIDEO,0,NONE,0,0,NONE,NONE,NONE,NONE
PHI1,27,4,VIDEO,0,NONE,0,0,NONE,NONE,NONE,NONE
PHI1,27,5,VIDEO,0,NONE,0,0,NONE,NONE,NONE,NONE
PHI1,27,6,VIDEO,0,NONE,0,0,NONE,NONE,NONE,NONE
PHI1,27,7,VIDEO,0,NONE,0,0,NONE,NONE,NONE,NONE
PHI1,28,0,VIDEO,0,VIDEO_MEMPTR_SCREEN,0,0,VIDEO_MEMPTR_SCREEN,VIDEO_MEMPTR_SCREEN,VIDEO_MEMPTR,VIDEO_SCREEN
PHI1,28,1,VIDEO,0,VIDEO_COLOR,0,0,VIDEO_COLOR,VIDEO_COLOR,VIDEO_COLOR,NONE
PHI1,28,2,VIDEO,0,VIDEO_PATTERN,0,0,VIDEO_PATTERN,VIDEO_PATTERN,VIDEO_PATTERN,NONE
PHI1,28,3,VIDEO,0,NONE,0,0,NONE,NONE,NONE,NONE
PHI1,28,4,VIDEO,0,NONE,0,0,NONE,NONE,NONE,NONE
PHI1,28,5,VIDEO,0,NONE,0,0,NONE,NONE,NONE,NONE
PHI1,28,6,VIDEO,0,NONE,0,0,NONE,NONE,NONE,NONE
PHI1,28,7,VIDEO,0,NONE,0,0,NONE,NONE,NONE,NONE
PHI1,29,0,VIDEO,0,VIDEO_MEMPTR_SCREEN,0,0,VIDEO_MEMPTR_SCREEN,VIDEO_MEMPTR_SCREEN,VIDEO_MEMPTR,VIDEO_SCREEN
PHI1,29,1,VIDEO,0,VIDEO_COLOR,0,0,VIDEO_COLOR,VIDEO_COLOR,VIDEO_COLOR,NONE
PHI1,29,2,VIDEO,0,VIDEO_PATTERN,0,0,VIDEO_PATTERN,VIDEO_PATTERN,VIDEO_PATTERN,NONE
PHI1,29,3,VIDEO,0,NONE,0,0,NONE,NONE,NONE,NONE
PHI1,29,4,VIDEO,0,NONE,0,0,NONE,NONE,NONE,NONE
PHI1,29,5,VIDEO,0,NONE,0,0,NONE,NONE,NONE,NONE
PHI1,29,6,VIDEO,0,NONE,0,0,NONE,NONE,NONE,NONE
PHI1,29,7,VIDEO,0,NONE,0,0,NONE,NONE,NONE,NONE
PHI1,30,0,VIDEO,0,VIDEO_MEMPTR_SCREEN,0,0,VIDEO_MEMPTR_SCREEN,VIDEO_MEMPTR_SCREEN,VIDEO_MEMPTR,VIDEO_SCREEN
PHI1,30,1,VIDEO,0,VIDEO_COLOR,0,0,VIDEO_COLOR,VIDEO_COLOR,VIDEO_COLOR,NONE
PHI1,30,2,VIDEO,0,VIDEO_PATTERN,0,0,VIDEO_PATTERN,VIDEO_PATTERN,VIDEO_PATTERN,NONE
PHI1,30,3,VIDEO,0,NONE,0,0,NONE,NONE,NONE,NONE
PHI1,30,4,VIDEO,0,NONE,0,0,NONE,NONE,NONE,NONE
PHI1,30,5,VIDEO,0,NONE,0,0,NONE,NONE,NONE,NONE
PHI1,30,6,VIDEO,0,NONE,0,0,NONE,NONE,NONE,NONE
PHI1,30,7,VIDEO,0,NONE,0,0,NONE,NONE,NONE,NONE
PHI1,31,0,VIDEO,0,VIDEO_MEMPTR_SCREEN,0,0,VIDEO_MEMPTR_SCREEN,VIDEO_MEMPTR_SCREEN,VIDEO_MEMPTR,VIDEO_SCREEN
PHI1,31,1,VIDEO,0,VIDEO_COLOR,0,0,VIDEO_COLOR,VIDEO_COLOR,VIDEO_COLOR,NONE
PHI1,31,2,VIDEO,0,VIDEO_PATTERN,0,0,VIDEO_PATTERN,VIDEO_PATTERN,VIDEO_PATTERN,NONE
PHI1,31,3,VIDEO,0,NONE,0,0,NONE,NONE,NONE,NONE
PHI1,31,4,VIDEO,0,NONE,0,0,NONE,NONE,NONE,NONE
PHI1,31,5,VIDEO,0,NONE,0,0,NONE,NONE,NONE,NONE
PHI1,31,6,VIDEO,0,NONE,0,0,NONE,NONE,NONE,NONE
PHI1,31,7,VIDEO,0,NONE,0,0,NONE,NONE,NONE,NONE
PHI1,32,0,VIDEO,0,VIDEO_MEMPTR_SCREEN,0,0,VIDEO_MEMPTR_SCREEN,VIDEO_MEMPTR_SCREEN,VIDEO_MEMPTR,VIDEO_SCREEN
PHI1,32,1,VIDEO,0,VIDEO_COLOR,0,0,VIDEO_COLOR,VIDEO_COLOR,VIDEO_COLOR,NONE
PHI1,32,2,VIDEO,0,VIDEO_PATTERN,0,0,VIDEO_PATTERN,VIDEO_PATTERN,VIDEO_PATTERN,NONE
PHI1,32,3,VIDEO,0,NONE,0,0,NONE,NONE,NONE,NONE
PHI1,32,4,VIDEO,0,NONE,0,0,NONE,NONE,NONE,NONE
PHI1,32,5,VIDEO,0,NONE,0,0,NONE,NONE,NONE,NONE
PHI1,32,6,VIDEO,0,NONE,0,0,NONE,NONE,NONE,NONE
PHI1,32,7,VIDEO,0,NONE,0,0,NONE,NONE,NONE,NONE
PHI1,33,0,VIDEO,0,VIDEO_MEMPTR_SCREEN,0,0,VIDEO_MEMPTR_SCREEN,VIDEO_MEMPTR_SCREEN,VIDEO_MEMPTR,VIDEO_SCREEN
PHI1,33,1,VIDEO,0,VIDEO_COLOR,0,0,VIDEO_COLOR,VIDEO_COLOR,VIDEO_COLOR,NONE
PHI1,33,2,VIDEO,0,VIDEO_PATTERN,0,0,VIDEO_PATTERN,VIDEO_PATTERN,VIDEO_PATTERN,NONE
PHI1,33,3,VIDEO,0,NONE,0,0,NONE,NONE,NONE,NONE
PHI1,33,4,VIDEO,0,NONE,0,0,NONE,NONE,NONE,NONE
PHI1,33,5,VIDEO,0,NONE,0,0,NONE,NONE,NONE,NONE
PHI1,33,6,VIDEO,0,NONE,0,0,NONE,NONE,NONE,NONE
PHI1,33,7,VIDEO,0,NONE,0,0,NONE,NONE,NONE,NONE
PHI1,34,0,VIDEO,0,VIDEO_MEMPTR_SCREEN,0,0,VIDEO_MEMPTR_SCREEN,VIDEO_MEMPTR_SCREEN,VIDEO_MEMPTR,VIDEO_SCREEN
PHI1,34,1,VIDEO,0,VIDEO_COLOR,0,0,VIDEO_COLOR,VIDEO_COLOR,VIDEO_COLOR,NONE
PHI1,34,2,VIDEO,0,VIDEO_PATTERN,0,0,VIDEO_PATTERN,VIDEO_PATTERN,VIDEO_PATTERN,NONE
PHI1,34,3,VIDEO,0,NONE,0,0,NONE,NONE,NONE,NONE
PHI1,34,4,VIDEO,0,NONE,0,0,NONE,NONE,NONE,NONE
PHI1,34,5,VIDEO,0,NONE,0,0,NONE,NONE,NONE,NONE
PHI1,34,6,VIDEO,0,NONE,0,0,NONE,NONE,NONE,NONE
PHI1,34,7,VIDEO,0,NONE,0,0,NONE,NONE,NONE,NONE
PHI1,35,0,VIDEO,0,VIDEO_MEMPTR_SCREEN,0,0,VIDEO_MEMPTR_SCREEN,VIDEO_MEMPTR_SCREEN,VIDEO_MEMPTR,VIDEO_SCREEN
PHI1,35,1,VIDEO,0,VIDEO_COLOR,0,0,VIDEO_COLOR,VIDEO_COLOR,VIDEO_COLOR,NONE
PHI1,35,2,VIDEO,0,VIDEO_PATTERN,0,0,VIDEO_PATTERN,VIDEO_PATTERN,VIDEO_PATTERN,NONE
PHI1,35,3,VIDEO,0,NONE,0,0,NONE,NONE,NONE,NONE
PHI1,35,4,VIDEO,0,NONE,0,0,NONE,NONE,NONE,NONE
PHI1,35,5,VIDEO,0,NONE,0,0,NONE,NONE,NONE,NONE
PHI1,35,6,VIDEO,0,NONE,0,0,NONE,NONE,NONE,NONE
PHI1,35,7,VIDEO,0,NONE,0,0,NONE,NONE,NONE,NONE
PHI1,36,0,VIDEO,0,VIDEO_MEMPTR_SCREEN,0,0,VIDEO_MEMPTR_SCREEN,VIDEO_MEMPTR_SCREEN,VIDEO_MEMPTR,VIDEO_SCREEN
PHI1,36,1,VIDEO,0,VIDEO_COLOR,0,0,VIDEO_COLOR,VIDEO_COLOR,VIDEO_COLOR,NONE
PHI1,36,2,VIDEO,0,VIDEO_PATTERN,0,0,VIDEO_PATTERN,VIDEO_PATTERN,VIDEO_PATTERN,NONE
PHI1,36,3,VIDEO,0,NONE,0,0,NONE,NONE,NONE,NONE
PHI1,36,4,VIDEO,0,NONE,0,0,NONE,NONE,NONE,NONE
PHI1,36,5,VIDEO,0,NONE,0,0,NONE,NONE,NONE,NONE
PHI1,36,6,VIDEO,0,NONE,0,0,NONE,NONE,NONE,NONE
PHI1,36,7,VIDEO,0,NONE,0,0,NONE,NONE,NONE,NONE
PHI1,37,0,VIDEO,0,VIDEO_MEMPTR_SCREEN,0,0,VIDEO_MEMPTR_SCREEN,VIDEO_MEMPTR_SCREEN,VIDEO_MEMPTR,VIDEO_SCREEN
PHI1,37,1,VIDEO,0,VIDEO_COLOR,0,0,VIDEO_COLOR,VIDEO_COLOR,VIDEO_COLOR,NONE
PHI1,37,2,VIDEO,0,VIDEO_PATTERN,0,0,VIDEO_PATTERN,VIDEO_PATTERN,VIDEO_PATTERN,NONE
PHI1,37,3,VIDEO,0,NONE,0,0,NONE,NONE,NONE,NONE
PHI1,37,4,VIDEO,0,NONE,0,0,NONE,NONE,NONE,NONE
PHI1,37,5,VIDEO,0,NONE,0,0,NONE,NONE,NONE,NONE
PHI1,37,6,VIDEO,0,NONE,0,0,NONE,NONE,NONE,NONE
PHI1,37,7,VIDEO,0,NONE,0,0,NONE,NONE,NONE,NONE
PHI1,38,0,VIDEO,0,VIDEO_MEMPTR_SCREEN,0,0,VIDEO_MEMPTR_SCREEN,VIDEO_MEMPTR_SCREEN,VIDEO_MEMPTR,VIDEO_SCREEN
PHI1,38,1,VIDEO,0,VIDEO_COLOR,0,0,VIDEO_COLOR,VIDEO_COLOR,VIDEO_COLOR,NONE
PHI1,38,2,VIDEO,0,VIDEO_PATTERN,0,0,VIDEO_PATTERN,VIDEO_PATTERN,VIDEO_PATTERN,NONE
PHI1,38,3,VIDEO,0,NONE,0,0,NONE,NONE,NONE,NONE
PHI1,38,4,VIDEO,0,NONE,0,0,NONE,NONE,NONE,NONE
PHI1,38,5,VIDEO,0,NONE,0,0,NONE,NONE,NONE,NONE
PHI1,38,6,VIDEO,0,NONE,0,0,NONE,NONE,NONE,NONE
PHI1,38,7,VIDEO,0,NONE,0,0,NONE,NONE,NONE,NONE
PHI1,39,0,VIDEO,0,VIDEO_MEMPTR_SCREEN,0,0,VIDEO_MEMPTR_SCREEN,VIDEO_MEMPTR_SCREEN,VIDEO_MEMPTR,VIDEO_SCREEN
PHI1,39,1,VIDEO,0,VIDEO_COLOR,0,0,VIDEO_COLOR,VIDEO_COLOR,VIDEO_COLOR,NONE
PHI1,39,2,VIDEO,0,VIDEO_PATTERN,0,0,VIDEO_PATTERN,VIDEO_PATTERN,VIDEO_PATTERN,NONE
PHI1,39,3,VIDEO,0,NONE,0,0,NONE,NONE,NONE,NONE
PHI1,39,4,VIDEO,0,NONE,0,0,NONE,NONE,NONE,NONE
PHI1,39,5,VIDEO,0,NONE,0,0,NONE,NONE,NONE,NONE
PHI1,39,6,VIDEO,0,NONE,0,0,NONE,NONE,NONE,NONE
PHI1,39,7,VIDEO,0,NONE,0,0,NONE,NONE,NONE,NONE
PHI1,40,0,VIDEO,0,VIDEO_MEMPTR_SCREEN,0,0,VIDEO_MEMPTR_SCREEN,VIDEO_MEMPTR_SCREEN,VIDEO_MEMPTR,VIDEO_SCREEN
PHI1,40,1,VIDEO,0,VIDEO_COLOR,0,0,VIDEO_COLOR,VIDEO_COLOR,VIDEO_COLOR,NONE
PHI1,40,2,VIDEO,0,VIDEO_PATTERN,0,0,VIDEO_PATTERN,VIDEO_PATTERN,VIDEO_PATTERN,NONE
PHI1,40,3,VIDEO,0,NONE,0,0,NONE,NONE,NONE,NONE
PHI1,40,4,VIDEO,0,NONE,0,0,NONE,NONE,NONE,NONE
PHI1,40,5,VIDEO,0,NONE,0,0,NONE,NONE,NONE,NONE
PHI1,40,6,VIDEO,0,NONE,0,0,NONE,NONE,NONE,NONE
PHI1,40,7,VIDEO,0,NONE,0,0,NONE,NONE,NONE,NONE
PHI1,41,0,VIDEO,0,VIDEO_MEMPTR_SCREEN,0,0,VIDEO_MEMPTR_SCREEN,VIDEO_MEMPTR_SCREEN,VIDEO_MEMPTR,VIDEO_SCREEN
PHI1,41,1,VIDEO,0,VIDEO_COLOR,0,0,VIDEO_COLOR,VIDEO_COLOR,VIDEO_COLOR,NONE
PHI1,41,2,VIDEO,0,VIDEO_PATTERN,0,0,VIDEO_PATTERN,VIDEO_PATTERN,VIDEO_PATTERN,NONE
PHI1,41,3,VIDEO,0,NONE,0,0,NONE,NONE,NONE,NONE
PHI1,41,4,VIDEO,0,NONE,0,0,NONE,NONE,NONE,NONE
PHI1,41,5,VIDEO,0,NONE,0,0,NONE,NONE,NONE,NONE
PHI1,41,6,VIDEO,0,NONE,0,0,NONE,NONE,NONE,NONE
PHI1,41,7,VIDEO,0,NONE,0,0,NONE,NONE,NONE,NONE
PHI1,42,0,VIDEO,0,VIDEO_MEMPTR_SCREEN,0,0,VIDEO_MEMPTR_SCREEN,VIDEO_MEMPTR_SCREEN,VIDEO_MEMPTR,VIDEO_SCREEN
PHI1,42,1,VIDEO,0,VIDEO_COLOR,0,0,VIDEO_COLOR,VIDEO_COLOR,VIDEO_COLOR,NONE
PHI1,42,2,VIDEO,0,VIDEO_PATTERN,0,0,VIDEO_PATTERN,VIDEO_PATTERN,VIDEO_PATTERN,NONE
PHI1,42,3,VIDEO,0,NONE,0,0,NONE,NONE,NONE,NONE
PHI1,42,4,VIDEO,0,NONE,0,0,NONE,NONE,NONE,NONE
PHI1,42,5,VIDEO,0,NONE,0,0,NONE,NONE,NONE,NONE
PHI1,42,6,VIDEO,0,NONE,0,0,NONE,NONE,NONE,NONE
PHI1,42,7,VIDEO,0,NONE,0,0,NONE,NONE,NONE,NONE
PHI1,43,0,VIDEO,0,VIDEO_MEMPTR_SCREEN,0,0,VIDEO_MEMPTR_SCREEN,VIDEO_MEMPTR_SCREEN,VIDEO_MEMPTR,VIDEO_SCREEN
PHI1,43,1,VIDEO,0,VIDEO_COLOR,0,0,VIDEO_COLOR,VIDEO_COLOR,VIDEO_COLOR,NONE
PHI1,43,2,VIDEO,0,VIDEO_PATTERN,0,0,VIDEO_PATTERN,VIDEO_PATTERN,VIDEO_PATTERN,NONE
PHI1,43,3,VIDEO,0,NONE,0,0,NONE,NONE,NONE,NONE
PHI1,43,4,VIDEO,0,NONE,0,0,NONE,NONE,NONE,NONE
PHI1,43,5,VIDEO,0,NONE,0,0,NONE,NONE,NONE,NONE
PHI1,43,6,VIDEO,0,NONE,0,0,NONE,NONE,NONE,NONE
PHI1,43,7,VIDEO,0,NONE,0,0,NONE,NONE,NONE,NONE
PHI1,44,0,VIDEO,0,VIDEO_MEMPTR_SCREEN,0,0,VIDEO_MEMPTR_SCREEN,VIDEO_MEMPTR_SCREEN,VIDEO_MEMPTR,VIDEO_SCREEN
PHI1,44,1,VIDEO,0,VIDEO_COLOR,0,0,VIDEO_COLOR,VIDEO_COLOR,VIDEO_COLOR,NONE
PHI1,44,2,VIDEO,0,VIDEO_PATTERN,0,0,VIDEO_PATTERN,VIDEO_PATTERN,VIDEO_PATTERN,NONE
PHI1,44,3,VIDEO,0,NONE,0,0,NONE,NONE,NONE,NONE
PHI1,44,4,VIDEO,0,NONE,0,0,NONE,NONE,NONE,NONE
PHI1,44,5,VIDEO,0,NONE,0,0,NONE,NONE,NONE,NONE
PHI1,44,6,VIDEO,0,NONE,0,0,NONE,NONE,NONE,NONE
PHI1,44,7,VIDEO,0,NONE,0,0,NONE,NONE,NONE,NONE
PHI1,45,0,VIDEO,0,VIDEO_MEMPTR_SCREEN,0,0,VIDEO_MEMPTR_SCREEN,VIDEO_MEMPTR_SCREEN,VIDEO_MEMPTR,VIDEO_SCREEN
PHI1,45,1,VIDEO,0,VIDEO_COLOR,0,0,VIDEO_COLOR,VIDEO_COLOR,VIDEO_COLOR,NONE
PHI1,45,2,VIDEO,0,VIDEO_PATTERN,0,0,VIDEO_PATTERN,VIDEO_PATTERN,VIDEO_PATTERN,NONE
PHI1,45,3,VIDEO,0,NONE,0,0,NONE,NONE,NONE,NONE
PHI1,45,4,VIDEO,0,NONE,0,0,NONE,NONE,NONE,NONE
PHI1,45,5,VIDEO,0,NONE,0,0,NONE,NONE,NONE,NONE
PHI1,45,6,VIDEO,0,NONE,0,0,NONE,NONE,NONE,NONE
PHI1,45,7,VIDEO,0,NONE,0,0,NONE,NONE,NONE,NONE
PHI1,46,0,VIDEO,0,VIDEO_MEMPTR_SCREEN,0,0,VIDEO_MEMPTR_SCREEN,VIDEO_MEMPTR_SCREEN,VIDEO_MEMPTR,VIDEO_SCREEN
PHI1,46,1,VIDEO,0,VIDEO_COLOR,0,0,VIDEO_COLOR,VIDEO_COLOR,VIDEO_COLOR,NONE
PHI1,46,2,VIDEO,0,VIDEO_PATTERN,0,0,VIDEO_PATTERN,VIDEO_PATTERN,VIDEO_PATTERN,NONE
PHI1,46,3,VIDEO,0,NONE,0,0,NONE,NONE,NONE,NONE
PHI1,46,4,VIDEO,0,NONE,0,0,NONE,NONE,NONE,NONE
PHI1,46,5,VIDEO,0,NONE,0,0,NONE,NONE,NONE,NONE
PHI1,46,6,VIDEO,0,NONE,0,0,NONE,NONE,NONE,NONE
PHI1,46,7,VIDEO,0,NONE,0,0,NONE,NONE,NONE,NONE
PHI1,47,0,VIDEO,0,VIDEO_MEMPTR_SCREEN,0,0,VIDEO_MEMPTR_SCREEN,VIDEO_MEMPTR_SCREEN,VIDEO_MEMPTR,VIDEO_SCREEN
PHI1,47,1,VIDEO,0,VIDEO_COLOR,0,0,VIDEO_COLOR,VIDEO_COLOR,VIDEO_COLOR,NONE
PHI1,47,2,VIDEO,0,VIDEO_PATTERN,0,0,VIDEO_PATTERN,VIDEO_PATTERN,VIDEO_PATTERN,NONE
PHI1,47,3,VIDEO,0,NONE,0,0,NONE,NONE,NONE,NONE
PHI1,47,4,VIDEO,0,NONE,0,0,NONE,NONE,NONE,NONE
PHI1,47,5,VIDEO,0,NONE,0,0,NONE,NONE,NONE,NONE
PHI1,47,6,VIDEO,0,NONE,0,0,NONE,NONE,NONE,NONE
PHI1,47,7,VIDEO,0,NONE,0,0,NONE,NONE,NONE,NONE
PHI1,48,0,VIDEO,0,VIDEO_MEMPTR_SCREEN,0,0,VIDEO_MEMPTR_SCREEN,VIDEO_MEMPTR_SCREEN,VIDEO_MEMPTR,VIDEO_SCREEN
PHI1,48,1,VIDEO,0,VIDEO_COLOR,0,0,VIDEO_COLOR,VIDEO_COLOR,VIDEO_COLOR,NONE
PHI1,48,2,VIDEO,0,VIDEO_PATTERN,0,0,VIDEO_PATTERN,VIDEO_PATTERN,VIDEO_PATTERN,NONE
PHI1,48,3,VIDEO,0,NONE,0,0,NONE,NONE,NONE,NONE
PHI1,48,4,VIDEO,0,NONE,0,0,NONE,NONE,NONE,NONE
PHI1,48,5,VIDEO,0,NONE,0,0,NONE,NONE,NONE,NONE
PHI1,48,6,VIDEO,0,NONE,0,0,NONE,NONE,NONE,NONE
PHI1,48,7,VIDEO,0,NONE,0,0,NONE,NONE,NONE,NONE
PHI1,49,0,VIDEO,0,VIDEO_MEMPTR_SCREEN,0,0,VIDEO_MEMPTR_SCREEN,VIDEO_MEMPTR_SCREEN,VIDEO_MEMPTR,VIDEO_SCREEN
PHI1,49,1,VIDEO,0,VIDEO_COLOR,0,0,VIDEO_COLOR,VIDEO_COLOR,VIDEO_COLOR,NONE
PHI1,49,2,VIDEO,0,VIDEO_PATTERN,0,0,VIDEO_PATTERN,VIDEO_PATTERN,VIDEO_PATTERN,NONE
PHI1,49,3,VIDEO,0,NONE,0,0,NONE,NONE,NONE,NONE
PHI1,49,4,VIDEO,0,NONE,0,0,NONE,NONE,NONE,NONE
PHI1,49,5,VIDEO,0,NONE,0,0,NONE,NONE,NONE,NONE
PHI1,49,6,VIDEO,0,NONE,0,0,NONE,NONE,NONE,NONE
PHI1,49,7,VIDEO,0,NONE,0,0,NONE,NONE,NONE,NONE
PHI1,50,0,VIDEO,0,VIDEO_MEMPTR_SCREEN,0,0,VIDEO_MEMPTR_SCREEN,VIDEO_MEMPTR_SCREEN,VIDEO_MEMPTR,VIDEO_SCREEN
PHI1,50,1,VIDEO,0,VIDEO_COLOR,0,0,VIDEO_COLOR,VIDEO_COLOR,VIDEO_COLOR,NONE
PHI1,50,2,VIDEO,0,VIDEO_PATTERN,0,0,VIDEO_PATTERN,VIDEO_PATTERN,VIDEO_PATTERN,NONE
PHI1,50,3,VIDEO,0,NONE,0,0,NONE,NONE,NONE,NONE
PHI1,50,4,VIDEO,0,NONE,0,0,NONE,NONE,NONE,NONE
PHI1,50,5,VIDEO,0,NONE,0,0,NONE,NONE,NONE,NONE
PHI1,50,6,VIDEO,0,NONE,0,0,NONE,NONE,NONE,NONE
PHI1,50,7,VIDEO,0,NONE,0,0,NONE,NONE,NONE,NONE
PHI1,51,0,VIDEO,0,VIDEO_MEMPTR_SCREEN,0,0,VIDEO_MEMPTR_SCREEN,VIDEO_MEMPTR_SCREEN,VIDEO_MEMPTR,VIDEO_SCREEN
PHI1,51,1,VIDEO,0,VIDEO_COLOR,0,0,VIDEO_COLOR,VIDEO_COLOR,VIDEO_COLOR,NONE
PHI1,51,2,VIDEO,0,VIDEO_PATTERN,0,0,VIDEO_PATTERN,VIDEO_PATTERN,VIDEO_PATTERN,NONE
PHI1,51,3,VIDEO,0,NONE,0,0,NONE,NONE,NONE,NONE
PHI1,51,4,VIDEO,0,NONE,0,0,NONE,NONE,NONE,NONE
PHI1,51,5,VIDEO,0,NONE,0,0,NONE,NONE,NONE,NONE
PHI1,51,6,VIDEO,0,NONE,0,0,NONE,NONE,NONE,NONE
PHI1,51,7,VIDEO,0,NONE,0,0,NONE,NONE,NONE,NONE
PHI1,52,0,VIDEO,0,VIDEO_MEMPTR_SCREEN,0,0,VIDEO_MEMPTR_SCREEN,VIDEO_MEMPTR_SCREEN,VIDEO_MEMPTR,VIDEO_SCREEN
PHI1,52,1,VIDEO,0,VIDEO_COLOR,0,0,VIDEO_COLOR,VIDEO_COLOR,VIDEO_COLOR,NONE
PHI1,52,2,VIDEO,0,VIDEO_PATTERN,0,0,VIDEO_PATTERN,VIDEO_PATTERN,VIDEO_PATTERN,NONE
PHI1,52,3,VIDEO,0,NONE,0,0,NONE,NONE,NONE,NONE
PHI1,52,4,VIDEO,0,NONE,0,0,NONE,NONE,NONE,NONE
PHI1,52,5,VIDEO,0,NONE,0,0,NONE,NONE,NONE,NONE
PHI1,52,6,VIDEO,0,NONE,0,0,NONE,NONE,NONE,NONE
PHI1,52,7,VIDEO,0,NONE,0,0,NONE,NONE,NONE,NONE
PHI1,53,0,VIDEO,0,VIDEO_MEMPTR_SCREEN,0,0,VIDEO_MEMPTR_SCREEN,VIDEO_MEMPTR_SCREEN,VIDEO_MEMPTR,VIDEO_SCREEN
PHI1,53,1,VIDEO,0,VIDEO_COLOR,0,0,VIDEO_COLOR,VIDEO_COLOR,VIDEO_COLOR,NONE
PHI1,53,2,VIDEO,0,VIDEO_PATTERN,0,0,VIDEO_PATTERN,VIDEO_PATTERN,VIDEO_PATTERN,NONE
PHI1,53,3,VIDEO,0,NONE,0,0,NONE,NONE,NONE,NONE
PHI1,53,4,VIDEO,0,NONE,0,0,NONE,NONE,NONE,NONE
PHI1,53,5,VIDEO,0,NONE,0,0,NONE,NONE,NONE,NONE
PHI1,53,6,VIDEO,0,NONE,0,0,NONE,NONE,NONE,NONE
PHI1,53,7,VIDEO,0,NONE,0,0,NONE,NONE,NONE,NONE
PHI1,54,0,VIDEO,0,VIDEO_MEMPTR_SCREEN,0,0,VIDEO_MEMPTR_SCREEN,VIDEO_MEMPTR_SCREEN,VIDEO_MEMPTR,VIDEO_SCREEN
PHI1,54,1,VIDEO,0,VIDEO_COLOR,0,0,VIDEO_COLOR,VIDEO_COLOR,VIDEO_COLOR,NONE
PHI1,54,2,VIDEO,0,VIDEO_PATTERN,0,0,VIDEO_PATTERN,VIDEO_PATTERN,VIDEO_PATTERN,NONE
PHI1,54,3,VIDEO,0,NONE,0,0,NONE,NONE,NONE,NONE
PHI1,54,4,VIDEO,0,NONE,0,0,NONE,NONE,NONE,NONE
PHI1,54,5,VIDEO,0,NONE,0,0,NONE,NONE,NONE,NONE
PHI1,54,6,VIDEO,0,NONE,0,0,NONE,NONE,NONE,NONE
PHI1,54,7,VIDEO,0,NONE,0,0,NONE,NONE,NONE,NONE
PHI1,55,0,REFRESH,0,REFRESH,2,0,REFRESH,REFRESH,REFRESH,NONE
PHI1,55,1,REFRESH,0,NONE,0,0,NONE,NONE,NONE,NONE
PHI1,55,2,REFRESH,0,NONE,0,0,NONE,NONE,NONE,NONE
PHI1,55,3,REFRESH,0,NONE,0,0,NONE,NONE,NONE,NONE
PHI1,55,4,REFRESH,0,NONE,0,0,NONE,NONE,NONE,NONE
PHI1,55,5,REFRESH,0,NONE,0,0,NONE,NONE,NONE,NONE
PHI1,55,6,REFRESH,0,NONE,0,0,NONE,NONE,NONE,NONE
PHI1,55,7,REFRESH,0,NONE,0,0,NONE,NONE,NONE,NONE
PHI1,56,0,REFRESH,0,REFRESH,0,0,REFRESH,REFRESH,REFRESH,NONE
PHI1,56,1,REFRESH,0,NONE,0,0,NONE,NONE,NONE,NONE
PHI1,56,2,REFRESH,0,NONE,0,0,NONE,NONE,NONE,NONE
PHI1,56,3,REFRESH,0,NONE,0,0,NONE,NONE,NONE,NONE
PHI1,56,4,REFRESH,0,NONE,0,0,NONE,NONE,NONE,NONE
PHI1,56,5,REFRESH,0,NONE,0,0,NONE,NONE,NONE,NONE
PHI1,56,6,REFRESH,0,NONE,0,0,NONE,NONE,NONE,NONE
PHI1,56,7,REFRESH,0,NONE,0,0,NONE,NONE,NONE,NONE
PHI1,57,0,SPRITE,0,SPRITE_PTR,0,1,SPRITE_PTR,SPRITE_PTR,SPRITE_PTR,NONE
PHI1,57,1,SPRITE,0,SPRITE_DATA0,0,1,SPRITE_DATA0,SPRITE_DATA0,SPRITE_DATA0,NONE
PHI1,57,2,SPRITE,0,SPRITE_DATA1,0,1,SPRITE_DATA1,SPRITE_DATA1,SPRITE_DATA1,NONE
PHI1,57,3,SPRITE,0,SPRITE_DATA2,0,1,SPRITE_DATA2,SPRITE_DATA2,SPRITE_DATA2,NONE
PHI1,57,4,SPRITE,0,NONE,0,1,NONE,NONE,NONE,NONE
PHI1,57,5,SPRITE,0,NONE,0,1,NONE,NONE,NONE,NONE
PHI1,57,6,SPRITE,0,NONE,0,1,NONE,NONE,NONE,NONE
PHI1,57,7,SPRITE,0,NONE,0,1,NONE,NONE,NONE,NONE
PHI1,58,0,SPRITE,0,SPRITE_PTR,0,1,SPRITE_PTR,SPRITE_PTR,SPRITE_PTR,NONE
PHI1,58,1,SPRITE,0,SPRITE_DATA0,0,1,SPRITE_DATA0,SPRITE_DATA0,SPRITE_DATA0,NONE
PHI1,58,2,SPRITE,0,SPRITE_DATA1,0,1,SPRITE_DATA1,SPRITE_DATA1,SPRITE_DATA1,NONE
PHI1,58,3,SPRITE,0,SPRITE_DATA2,0,1,SPRITE_DATA2,SPRITE_DATA2,SPRITE_DATA2,NONE
PHI1,58,4,SPRITE,0,NONE,0,1,NONE,NONE,NONE,NONE
PHI1,58,5,SPRITE,0,NONE,0,1,NONE,NONE,NONE,NONE
PHI1,58,6,SPRITE,0,NONE,0,1,NONE,NONE,NONE,NONE
PHI1,58,7,SPRITE,0,NONE,0,1,NONE,NONE,NONE,NONE
PHI1,59,0,SPRITE,0,SPRITE_PTR,0,1,SPRITE_PTR,SPRITE_PTR,SPRITE_PTR,NONE
PHI1,59,1,SPRITE,0,SPRITE_DATA0,0,1,SPRITE_DATA0,SPRITE_DATA0,SPRITE_DATA0,NONE
PHI1,59,2,SPRITE,0,SPRITE_DATA1,0,1,SPRITE_DATA1,SPRITE_DATA1,SPRITE_DATA1,NONE
PHI1,59,3,SPRITE,0,SPRITE_DATA2,0,1,SPRITE_DATA2,SPRITE_DATA2,SPRITE_DATA2,NONE
PHI1,59,4,SPRITE,0,NONE,0,1,NONE,NONE,NONE,NONE
PHI1,59,5,SPRITE,0,NONE,0,1,NONE,NONE,NONE,NONE
PHI1,59,6,SPRITE,0,NONE,0,1,NONE,NONE,NONE,NONE
PHI1,59,7,SPRITE,0,NONE,0,1,NONE,NONE,NONE,NONE
PHI1,60,0,SPRITE,0,SPRITE_PTR,0,1,SPRITE_PTR,SPRITE_PTR,SPRITE_PTR,NONE
PHI1,60,1,SPRITE,0,SPRITE_DATA0,0,1,SPRITE_DATA0,SPRITE_DATA0,SPRITE_DATA0,NONE
PHI1,60,2,SPRITE,0,SPRITE_DATA1,0,1,SPRITE_DATA1,SPRITE_DATA1,SPRITE_DATA1,NONE
PHI1,60,3,SPRITE,0,SPRITE_DATA2,0,1,SPRITE_DATA2,SPRITE_DATA2,SPRITE_DATA2,NONE
PHI1,60,4,SPRITE,0,NONE,0,1,NONE,NONE,NONE,NONE
PHI1,60,5,SPRITE,0,NONE,0,1,NONE,NONE,NONE,NONE
PHI1,60,6,SPRITE,0,NONE,0,1,NONE,NONE,NONE,NONE
PHI1,60,7,SPRITE,0,NONE,0,1,NONE,NONE,NONE,NONE
PHI1,61,0,SPRITE,0,SPRITE_PTR,0,1,SPRITE_PTR,SPRITE_PTR,SPRITE_PTR,NONE
PHI1,61,1,SPRITE,0,SPRITE_DATA0,0,1,SPRITE_DATA0,SPRITE_DATA0,SPRITE_DATA0,NONE
PHI1,61,2,SPRITE,0,SPRITE_DATA1,0,1,SPRITE_DATA1,SPRITE_DATA1,SPRITE_DATA1,NONE
PHI1,61,3,SPRITE,0,SPRITE_DATA2,0,1,SPRITE_DATA2,SPRITE_DATA2,SPRITE_DATA2,NONE
PHI1,61,4,SPRITE,0,NONE,0,1,NONE,NONE,NONE,NONE
PHI1,61,5,SPRITE,0,NONE,0,1,NONE,NONE,NONE,NONE
PHI1,61,6,SPRITE,0,NONE,0,1,NONE,NONE,NONE,NONE
PHI1,61,7,SPRITE,0,NONE,0,1,NONE,NONE,NONE,NONE
PHI1,62,0,SPRITE,0,SPRITE_PTR,0,1,SPRITE_PTR,SPRITE_PTR,SPRITE_PTR,NONE
PHI1,62,1,SPRITE,0,SPRITE_DATA0,0,1,SPRITE_DATA0,SPRITE_DATA0,SPRITE_DATA0,NONE
PHI1,62,2,SPRITE,0,SPRITE_DATA1,0,1,SPRITE_DATA1,SPRITE_DATA1,SPRITE_DATA1,NONE
PHI1,62,3,SPRITE,0,SPRITE_DATA2,0,1,SPRITE_DATA2,SPRITE_DATA2,SPRITE_DATA2,NONE
PHI1,62,4,SPRITE,0,NONE,0,1,NONE,NONE,NONE,NONE
PHI1,62,5,SPRITE,0,NONE,0,1,NONE,NONE,NONE,NONE
PHI1,62,6,SPRITE,0,NONE,0,1,NONE,NONE,NONE,NONE
PHI1,62,7,SPRITE,0,NONE,0,1,NONE,NONE,NONE,NONE
PHI2,0,0,REFRESH,0,NONE,0,0,NONE,NONE,NONE,NONE
PHI2,0,1,REFRESH,0,NONE,0,0,NONE,NONE,NONE,NONE
PHI2,0,2,REFRESH,0,NONE,0,0,NONE,NONE,NONE,NONE
PHI2,0,3,REFRESH,0,NONE,0,0,NONE,NONE,NONE,NONE
PHI2,0,4,REFRESH,0,NONE,0,0,NONE,NONE,NONE,NONE
PHI2,0,5,REFRESH,0,NONE,0,0,NONE,NONE,NONE,NONE
PHI2,0,6,REFRESH,0,NONE,0,0,NONE,NONE,NONE,NONE
PHI2,0,7,REFRESH,0,NONE,0,0,NONE,NONE,NONE,NONE
PHI2,1,0,REFRESH,0,NONE,0,0,NONE,NONE,NONE,NONE
PHI2,1,1,REFRESH,0,NONE,0,0,NONE,NONE,NONE,NONE
PHI2,1,2,REFRESH,0,NONE,0,0,NONE,NONE,NONE,NONE
PHI2,1,3,REFRESH,0,NONE,0,0,NONE,NONE,NONE,NONE
PHI2,1,4,REFRESH,0,NONE,0,0,NONE,NONE,NONE,NONE
PHI2,1,5,REFRESH,0,NONE,0,0,NONE,NONE,NONE,NONE
PHI2,1,6,REFRESH,0,NONE,0,0,NONE,NONE,NONE,NONE
PHI2,1,7,REFRESH,0,NONE,0,0,NONE,NONE,NONE,NONE
PHI2,2,0,REFRESH,0,NONE,0,0,NONE,NONE,NONE,NONE
PHI2,2,1,REFRESH,0,NONE,0,0,NONE,NONE,NONE,NONE
PHI2,2,2,REFRESH,0,NONE,0,0,NONE,NONE,NONE,NONE
PHI2,2,3,REFRESH,0,NONE,0,0,NONE,NONE,NONE,NONE
PHI2,2,4,REFRESH,0,NONE,0,0,NONE,NONE,NONE,NONE
PHI2,2,5,REFRESH,0,NONE,0,0,NONE,NONE,NONE,NONE
PHI2,2,6,REFRESH,0,NONE,0,0,NONE,NONE,NONE,NONE
PHI2,2,7,REFRESH,0,NONE,0,0,NONE,NONE,NONE,NONE
PHI2,3,0,REFRESH,0,NONE,0,0,NONE,NONE,NONE,NONE
PHI2,3,1,REFRESH,0,NONE,0,0,NONE,NONE,NONE,NONE
PHI2,3,2,REFRESH,0,NONE,0,0,NONE,NONE,NONE,NONE
PHI2,3,3,REFRESH,0,NONE,0,0,NONE,NONE,NONE,NONE
PHI2,3,4,REFRESH,0,NONE,0,0,NONE,NONE,NONE,NONE
PHI2,3,5,REFRESH,0,NONE,0,0,NONE,NONE,NONE,NONE
PHI2,3,6,REFRESH,0,NONE,0,0,NONE,NONE,NONE,NONE
PHI2,3,7,REFRESH,0,NONE,0,0,NONE,NONE,NONE,NONE
PHI2,4,0,REFRESH,0,NONE,0,0,NONE,NONE,NONE,NONE
PHI2,4,1,REFRESH,0,NONE,0,0,NONE,NONE,NONE,NONE
PHI2,4,2,REFRESH,0,NONE,0,0,NONE,NONE,NONE,NONE
PHI2,4,3,REFRESH,0,NONE,0,0,NONE,NONE,NONE,NONE
PHI2,4,4,REFRESH,0,NONE,0,0,NONE,NONE,NONE,NONE
PHI2,4,5,REFRESH,0,NONE,0,0,NONE,NONE,NONE,NONE
PHI2,4,6,REFRESH,0,NONE,0,0,NONE,NONE,NONE,NONE
PHI2,4,7,REFRESH,0,NONE,0,0,NONE,NONE,NONE,NONE
PHI2,5,0,REFRESH,0,NONE,0,0,NONE,NONE,NONE,NONE
PHI2,5,1,REFRESH,0,NONE,0,0,NONE,NONE,NONE,NONE
PHI2,5,2,REFRESH,0,NONE,0,0,NONE,NONE,NONE,NONE
PHI2,5,3,REFRESH,0,NONE,0,0,NONE,NONE,NONE,NONE
PHI2,5,4,REFRESH,0,NONE,0,0,NONE,NONE,NONE,NONE
PHI2,5,5,REFRESH,0,NONE,0,0,NONE,NONE,NONE,NONE
PHI2,5,6,REFRESH,0,NONE,0,0,NONE,NONE,NONE,NONE
PHI2,5,7,REFRESH,0,NONE,0,0,NONE,NONE,NONE,NONE
PHI2,6,0,REFRESH,0,NONE,0,0,NONE,NONE,NONE,NONE
PHI2,6,1,REFRESH,0,NONE,0,0,NONE,NONE,NONE,NONE
PHI2,6,2,REFRESH,0,NONE,0,0,NONE,NONE,NONE,NONE
PHI2,6,3,REFRESH,0,NONE,0,0,NONE,NONE,NONE,NONE
PHI2,6,4,REFRESH,0,NONE,0,0,NONE,NONE,NONE,NONE
PHI2,6,5,REFRESH,0,NONE,0,0,NONE,NONE,NONE,NONE
PHI2,6,6,REFRESH,0,NONE,0,0,NONE,NONE,NONE,NONE
PHI2,6,7,REFRESH,0,NONE,0,0,NONE,NONE,NONE,NONE
PHI2,7,0,REFRESH,0,NONE,0,0,NONE,NONE,NONE,NONE
PHI2,7,1,REFRESH,0,NONE,0,0,NONE,NONE,NONE,NONE
PHI2,7,2,REFRESH,0,NONE,0,0,NONE,NONE,NONE,NONE
PHI2,7,3,REFRESH,0,NONE,0,0,NONE,NONE,NONE,NONE
PHI2,7,4,REFRESH,0,NONE,0,0,NONE,NONE,NONE,NONE
PHI2,7,5,REFRESH,0,NONE,0,0,NONE,NONE,NONE,NONE
PHI2,7,6,REFRESH,0,NONE,0,0,NONE,NONE,NONE,NONE
PHI2,7,7,REFRESH,0,NONE,0,0,NONE,NONE,NONE,NONE
PHI2,8,0,SPRITE,1,NONE,0,1,NONE,NONE,NONE,NONE
PHI2,8,1,SPRITE,1,NONE,0,1,NONE,NONE,NONE,NONE
PHI2,8,2,SPRITE,1,NONE,0,1,NONE,NONE,NONE,NONE
PHI2,8,3,SPRITE,1,NONE,0,1,NONE,NONE,NONE,NONE
PHI2,8,4,SPRITE,0,NONE,0,1,NONE,NONE,NONE,NONE
PHI2,8,5,SPRITE,0,NONE,0,1,NONE,NONE,NONE,NONE
PHI2,8,6,SPRITE,0,NONE,0,1,NONE,NONE,NONE,NONE
PHI2,8,7,SPRITE,0,NONE,0,1,NONE,NONE,NONE,NONE
PHI2,9,0,SPRITE,1,NONE,0,1,NONE,NONE,NONE,NONE
PHI2,9,1,SPRITE,1,NONE,0,1,NONE,NONE,NONE,NONE
PHI2,9,2,SPRITE,1,NONE,0,1,NONE,NONE,NONE,NONE
PHI2,9,3,SPRITE,1,NONE,0,1,NONE,NONE,NONE,NONE
PHI2,9,4,SPRITE,0,NONE,0,1,NONE,NONE,NONE,NONE
PHI2,9,5,SPRITE,0,NONE,0,1,NONE,NONE,NONE,NONE
PHI2,9,6,SPRITE,0,NONE,0,1,NONE,NONE,NONE,NONE
PHI2,9,7,SPRITE,0,NONE,0,1,NONE,NONE,NONE,NONE
PHI2,10,0,SPRITE,1,NONE,0,1,NONE,NONE,NONE,NONE
PHI2,10,1,SPRITE,1,NONE,0,1,NONE,NONE,NONE,NONE
PHI2,10,2,SPRITE,1,NONE,0,1,NONE,NONE,NONE,NONE
PHI2,10,3,SPRITE,1,NONE,0,1,NONE,NONE,NONE,NONE
PHI2,10,4,SPRITE,0,NONE,0,1,NONE,NONE,NONE,NONE
PHI2,10,5,SPRITE,0,NONE,0,1,NONE,NONE,NONE,NONE
PHI2,10,6,SPRITE,0,NONE,0,1,NONE,NONE,NONE,NONE
PHI2,10,7,SPRITE,0,NONE,0,1,NONE,NONE,NONE,NONE
PHI2,11,0,SPRITE,1,NONE,0,1,NONE,NONE,NONE,NONE
PHI2,11,1,SPRITE,1,NONE,0,1,NONE,NONE,NONE,NONE
PHI2,11,2,SPRITE,1,NONE,0,1,NONE,NONE,NONE,NONE
PHI2,11,3,SPRITE,1,NONE,0,1,NONE,NONE,NONE,NONE
PHI2,11,4,SPRITE,0,NONE,0,1,NONE,NONE,NONE,NONE
PHI2,11,5,SPRITE,0,NONE,0,1,NONE,NONE,NONE,NONE
PHI2,11,6,SPRITE,0,NONE,0,1,NONE,NONE,NONE,NONE
PHI2,11,7,SPRITE,0,NONE,0,1,NONE,NONE,NONE,NONE
PHI2,12,0,SPRITE,1,NONE,0,1,NONE,NONE,NONE,NONE
PHI2,12,1,SPRITE,1,NONE,0,1,NONE,NONE,NONE,NONE
PHI2,12,2,SPRITE,1,NONE,0,1,NONE,NONE,NONE,NONE
PHI2,12,3,SPRITE,1,NONE,0,1,NONE,NONE,NONE,NONE
PHI2,12,4,SPRITE,0,NONE,0,1,NONE,NONE,NONE,NONE
PHI2,12,5,SPRITE,0,NONE,0,1,NONE,NONE,NONE,NONE
PHI2,12,6,SPRITE,0,NONE,0,1,NONE,NONE,NONE,NONE
PHI2,12,7,SPRITE,0,NONE,0,1,NONE,NONE,NONE,NONE
PHI2,13,0,SPRITE,1,NONE,0,1,NONE,NONE,NONE,NONE
PHI2,13,1,SPRITE,1,NONE,0,1,NONE,NONE,NONE,NONE
PHI2,13,2,SPRITE,1,NONE,0,1,NONE,NONE,NONE,NONE
PHI2,13,3,SPRITE,1,NONE,0,1,NONE,NONE,NONE,NONE
PHI2,13,4,SPRITE,0,NONE,0,1,NONE,NONE,NONE,NONE
PHI2,13,5,SPRITE,0,NONE,0,1,NONE,NONE,NONE,NONE
PHI2,13,6,SPRITE,0,NONE,0,1,NONE,NONE,NONE,NONE
PHI2,13,7,SPRITE,0,NONE,0,1,NONE,NONE,NONE,NONE
PHI2,14,0,SPRITE,1,NONE,0,1,NONE,NONE,NONE,NONE
PHI2,14,1,SPRITE,1,NONE,0,1,NONE,NONE,NONE,NONE
PHI2,14,2,SPRITE,1,NONE,0,1,NONE,NONE,NONE,NONE
PHI2,14,3,SPRITE,1,NONE,0,1,NONE,NONE,NONE,NONE
PHI2,14,4,SPRITE,0,NONE,0,1,NONE,NONE,NONE,NONE
PHI2,14,5,SPRITE,0,NONE,0,1,NONE,NONE,NONE,NONE
PHI2,14,6,SPRITE,0,NONE,0,1,NONE,NONE,NONE,NONE
PHI2,14,7,SPRITE,0,NONE,0,1,NONE,NONE,NONE,NONE
PHI2,15,0,VIDEO,1,NONE,0,0,NONE,NONE,NONE,NONE
PHI2,15,1,VIDEO,1,NONE,0,0,NONE,NONE,NONE,NONE
PHI2,15,2,VIDEO,1,NONE,0,0,NONE,NONE,NONE,NONE
PHI2,15,3,VIDEO,0,NONE,0,0,NONE,NONE,NONE,NONE
PHI2,15,4,VIDEO,0,NONE,0,0,NONE,NONE,NONE,NONE
PHI2,15,5,VIDEO,0,NONE,0,0,NONE,NONE,NONE,NONE
PHI2,15,6,VIDEO,0,NONE,0,0,NONE,NONE,NONE,NONE
PHI2,15,7,VIDEO,0,NONE,0,0,NONE,NONE,NONE,NONE
PHI2,16,0,VIDEO,1,NONE,0,0,NONE,NONE,NONE,NONE
PHI2,16,1,VIDEO,1,NONE,0,0,NONE,NONE,NONE,NONE
PHI2,16,2,VIDEO,1,NONE,0,0,NONE,NONE,NONE,NONE
PHI2,16,3,VIDEO,0,NONE,0,0,NONE,NONE,NONE,NONE
PHI2,16,4,VIDEO,0,NONE,0,0,NONE,NONE,NONE,NONE
PHI2,16,5,VIDEO,0,NONE,0,0,NONE,NONE,NONE,NONE
PHI2,16,6,VIDEO,0,NONE,0,0,NONE,NONE,NONE,NONE
PHI2,16,7,VIDEO,0,NONE,0,0,NONE,NONE,NONE,NONE
PHI2,17,0,VIDEO,1,NONE,0,0,NONE,NONE,NONE,NONE
PHI2,17,1,VIDEO,1,NONE,0,0,NONE,NONE,NONE,NONE
PHI2,17,2,VIDEO,1,NONE,0,0,NONE,NONE,NONE,NONE
PHI2,17,3,VIDEO,0,NONE,0,0,NONE,NONE,NONE,NONE
PHI2,17,4,VIDEO,0,NONE,0,0,NONE,NONE,NONE,NONE
PHI2,17,5,VIDEO,0,NONE,0,0,NONE,NONE,NONE,NONE
PHI2,17,6,VIDEO,0,NONE,0,0,NONE,NONE,NONE,NONE
PHI2,17,7,VIDEO,0,NONE,0,0,NONE,NONE,NONE,NONE
PHI2,18,0,VIDEO,1,NONE,0,0,NONE,NONE,NONE,NONE
PHI2,18,1,VIDEO,1,NONE,0,0,NONE,NONE,NONE,NONE
PHI2,18,2,VIDEO,1,NONE,0,0,NONE,NONE,NONE,NONE
PHI2,18,3,VIDEO,0,NONE,0,0,NONE,NONE,NONE,NONE
PHI2,18,4,VIDEO,0,NONE,0,0,NONE,NONE,NONE,NONE
PHI2,18,5,VIDEO,0,NONE,0,0,NONE,NONE,NONE,NONE
PHI2,18,6,VIDEO,0,NONE,0,0,NONE,NONE,NONE,NONE
PHI2,18,7,VIDEO,0,NONE,0,0,NONE,NONE,NONE,NONE
PHI2,19,0,VIDEO,1,NONE,0,0,NONE,NONE,NONE,NONE
PHI2,19,1,VIDEO,1,NONE,0,0,NONE,NONE,NONE,NONE
PHI2,19,2,VIDEO,1,NONE,0,0,NONE,NONE,NONE,NONE
PHI2,19,3,VIDEO,0,NONE,0,0,NONE,NONE,NONE,NONE
PHI2,19,4,VIDEO,0,NONE,0,0,NONE,NONE,NONE,NONE
PHI2,19,5,VIDEO,0,NONE,0,0,NONE,NONE,NONE,NONE
PHI2,19,6,VIDEO,0,NONE,0,0,NONE,NONE,NONE,NONE
PHI2,19,7,VIDEO,0,NONE,0,0,NONE,NONE,NONE,NONE
PHI2,20,0,VIDEO,1,NONE,0,0,NONE,NONE,NONE,NONE
PHI2,20,1,VIDEO,1,NONE,0,0,NONE,NONE,NONE,NONE
PHI2,20,2,VIDEO,1,NONE,0,0,NONE,NONE,NONE,NONE
PHI2,20,3,VIDEO,0,NONE,0,0,NONE,NONE,NONE,NONE
PHI2,20,4,VIDEO,0,NONE,0,0,NONE,NONE,NONE,NONE
PHI2,20,5,VIDEO,0,NONE,0,0,NONE,NONE,NONE,NONE
PHI2,20,6,VIDEO,0,NONE,0,0,NONE,NONE,NONE,NONE
PHI2,20,7,VIDEO,0,NONE,0,0,NONE,NONE,NONE,NONE
PHI2,21,0,VIDEO,1,NONE,0,0,NONE,NONE,NONE,NONE
PHI2,21,1,VIDEO,1,NONE,0,0,NONE,NONE,NONE,NONE
PHI2,21,2,VIDEO,1,NONE,0,0,NONE,NONE,NONE,NONE
PHI2,21,3,VIDEO,0,NONE,0,0,NONE,NONE,NONE,NONE
PHI2,21,4,VIDEO,0,NONE,0,0,NONE,NONE,NONE,NONE
PHI2,21,5,VIDEO,0,NONE,0,0,NONE,NONE,NONE,NONE
PHI2,21,6,VIDEO,0,NONE,0,0,NONE,NONE,NONE,NONE
PHI2,21,7,VIDEO,0,NONE,0,0,NONE,NONE,NONE,NONE
PHI2,22,0,VIDEO,1,NONE,0,0,NONE,NONE,NONE,NONE
PHI2,22,1,VIDEO,1,NONE,0,0,NONE,NONE,NONE,NONE
PHI2,22,2,VIDEO,1,NONE,0,0,NONE,NONE,NONE,NONE
PHI2,22,3,VIDEO,0,NONE,0,0,NONE,NONE,NONE,NONE
PHI2,22,4,VIDEO,0,NONE,0,0,NONE,NONE,NONE,NONE
PHI2,22,5,VIDEO,0,NONE,0,0,NONE,NONE,NONE,NONE
PHI2,22,6,VIDEO,0,NONE,0,0,NONE,NONE,NONE,NONE
PHI2,22,7,VIDEO,0,NONE,0,0,NONE,NONE,NONE,NONE
PHI2,23,0,VIDEO,1,NONE,0,0,NONE,NONE,NONE,NONE
PHI2,23,1,VIDEO,1,NONE,0,0,NONE,NONE,NONE,NONE
PHI2,23,2,VIDEO,1,NONE,0,0,NONE,NONE,NONE,NONE
PHI2,23,3,VIDEO,0,NONE,0,0,NONE,NONE,NONE,NONE
PHI2,23,4,VIDEO,0,NONE,0,0,NONE,NONE,NONE,NONE
PHI2,23,5,VIDEO,0,NONE,0,0,NONE,NONE,NONE,NONE
PHI2,23,6,VIDEO,0,NONE,0,0,NONE,NONE,NONE,NONE
PHI2,23,7,VIDEO,0,NONE,0,0,NONE,NONE,NONE,NONE
PHI2,24,0,VIDEO,1,NONE,0,0,NONE,NONE,NONE,NONE
PHI2,24,1,VIDEO,1,NONE,0,0,NONE,NONE,NONE,NONE
PHI2,24,2,VIDEO,1,NONE,0,0,NONE,NONE,NONE,NONE
PHI2,24,3,VIDEO,0,NONE,0,0,NONE,NONE,NONE,NONE
PHI2,24,4,VIDEO,0,NONE,0,0,NONE,NONE,NONE,NONE
PHI2,24,5,VIDEO,0,NONE,0,0,NONE,NONE,NONE,NONE
PHI2,24,6,VIDEO,0,NONE,0,0,NONE,NONE,NONE,NONE
PHI2,24,7,VIDEO,0,NONE,0,0,NONE,NONE,NONE,NONE
PHI2,25,0,VIDEO,1,NONE,0,0,NONE,NONE,NONE,NONE
PHI2,25,1,VIDEO,1,NONE,0,0,NONE,NONE,NONE,NONE
PHI2,25,2,VIDEO,1,NONE,0,0,NONE,NONE,NONE,NONE
PHI2,25,3,VIDEO,0,NONE,0,0,NONE,NONE,NONE,NONE
PHI2,25,4,VIDEO,0,NONE,0,0,NONE,NONE,NONE,NONE
PHI2,25,5,VIDEO,0,NONE,0,0,NONE,NONE,NONE,NONE
PHI2,25,6,VIDEO,0,NONE,0,0,NONE,NONE,NONE,NONE
PHI2,25,7,VIDEO,0,NONE,0,0,NONE,NONE,NONE,NONE
PHI2,26,0,VIDEO,1,NONE,0,0,NONE,NONE,NONE,NONE
PHI2,26,1,VIDEO,1,NONE,0,0,NONE,NONE,NONE,NONE
PHI2,26,2,VIDEO,1,NONE,0,0,NONE,NONE,NONE,NONE
PHI2,26,3,VIDEO,0,NONE,0,0,NONE,NONE,NONE,NONE
PHI2,26,4,VIDEO,0,NONE,0,0,NONE,NONE,NONE,NONE
PHI2,26,5,VIDEO,0,NONE,0,0,NONE,NONE,NONE,NONE
PHI2,26,6,VIDEO,0,NONE,0,0,NONE,NONE,NONE,NONE
PHI2,26,7,VIDEO,0,NONE,0,0,NONE,NONE,NONE,NONE
PHI2,27,0,VIDEO,1,NONE,0,0,NONE,NONE,NONE,NONE
PHI2,27,1,VIDEO,1,NONE,0,0,NONE,NONE,NONE,NONE
PHI2,27,2,VIDEO,1,NONE,0,0,NONE,NONE,NONE,NONE
PHI2,27,3,VIDEO,0,NONE,0,0,NONE,NONE,NONE,NONE
PHI2,27,4,VIDEO,0,NONE,0,0,NONE,NONE,NONE,NONE
PHI2,27,5,VIDEO,0,NONE,0,0,NONE,NONE,NONE,NONE
PHI2,27,6,VIDEO,0,NONE,0,0,NONE,NONE,NONE,NONE
PHI2,27,7,VIDEO,0,NONE,0,0,NONE,NONE,NONE,NONE
PHI2,28,0,VIDEO,1,NONE,0,0,NONE,NONE,NONE,NONE
PHI2,28,1,VIDEO,1,NONE,0,0,NONE,NONE,NONE,NONE
PHI2,28,2,VIDEO,1,NONE,0,0,NONE,NONE,NONE,NONE
PHI2,28,3,VIDEO,0,NONE,0,0,NONE,NONE,NONE,NONE
PHI2,28,4,VIDEO,0,NONE,0,0,NONE,NONE,NONE,NONE
PHI2,28,5,VIDEO,0,NONE,0,0,NONE,NONE,NONE,NONE
PHI2,28,6,VIDEO,0,NONE,0,0,NONE,NONE,NONE,NONE
PHI2,28,7,VIDEO,0,NONE,0,0,NONE,NONE,NONE,NONE
PHI2,29,0,VIDEO,1,NONE,0,0,NONE,NONE,NONE,NONE
PHI2,29,1,VIDEO,1,NONE,0,0,NONE,NONE,NONE,NONE
PHI2,29,2,VIDEO,1,NONE,0,0,NONE,NONE,NONE,NONE
PHI2,29,3,VIDEO,0,NONE,0,0,NONE,NONE,NONE,NONE
PHI2,29,4,VIDEO,0,NONE,0,0,NONE,NONE,NONE,NONE
PHI2,29,5,VIDEO,0,NONE,0,0,NONE,NONE,NONE,NONE
PHI2,29,6,VIDEO,0,NONE,0,0,NONE,NONE,NONE,NONE
PHI2,29,7,VIDEO,0,NONE,0,0,NONE,NONE,NONE,NONE
PHI2,30,0,VIDEO,1,NONE,0,0,NONE,NONE,NONE,NONE
PHI2,30,1,VIDEO,1,NONE,0,0,NONE,NONE,NONE,NONE
PHI2,30,2,VIDEO,1,NONE,0,0,NONE,NONE,NONE,NONE
PHI2,30,3,VIDEO,0,NONE,0,0,NONE,NONE,NONE,NONE
PHI2,30,4,VIDEO,0,NONE,0,0,NONE,NONE,NONE,NONE
PHI2,30,5,VIDEO,0,NONE,0,0,NONE,NONE,NONE,NONE
PHI2,30,6,VIDEO,0,NONE,0,0,NONE,NONE,NONE,NONE
PHI2,30,7,VIDEO,0,NONE,0,0,NONE,NONE,NONE,NONE
PHI2,31,0,VIDEO,1,NONE,0,0,NONE,NONE,NONE,NONE
PHI2,31,1,VIDEO,1,NONE,0,0,NONE,NONE,NONE,NONE
PHI2,31,2,VIDEO,1,NONE,0,0,NONE,NONE,NONE,NONE
PHI2,31,3,VIDEO,0,NONE,0,0,NONE,NONE,NONE,NONE
PHI2,31,4,VIDEO,0,NONE,0,0,NONE,NONE,NONE,NONE
PHI2,31,5,VIDEO,0,NONE,0,0,NONE,NONE,NONE,NONE
PHI2,31,6,VIDEO,0,NONE,0,0,NONE,NONE,NONE,NONE
PHI2,31,7,VIDEO,0,NONE,0,0,NONE,NONE,NONE,NONE
PHI2,32,0,VIDEO,1,NONE,0,0,NONE,NONE,NONE,NONE
PHI2,32,1,VIDEO,1,NONE,0,0,NONE,NONE,NONE,NONE
PHI2,32,2,VIDEO,1,NONE,0,0,NONE,NONE,NONE,NONE
PHI2,32,3,VIDEO,0,NONE,0,0,NONE,NONE,NONE,NONE
PHI2,32,4,VIDEO,0,NONE,0,0,NONE,NONE,NONE,NONE
PHI2,32,5,VIDEO,0,NONE,0,0,NONE,NONE,NONE,NONE
PHI2,32,6,VIDEO,0,NONE,0,0,NONE,NONE,NONE,NONE
PHI2,32,7,VIDEO,0,NONE,0,0,NONE,NONE,NONE,NONE
PHI2,33,0,VIDEO,1,NONE,0,0,NONE,NONE,NONE,NONE
PHI2,33,1,VIDEO,1,NONE,0,0,NONE,NONE,NONE,NONE
PHI2,33,2,VIDEO,1,NONE,0,0,NONE,NONE,NONE,NONE
PHI2,33,3,VIDEO,0,NONE,0,0,NONE,NONE,NONE,NONE
PHI2,33,4,VIDEO,0,NONE,0,0,NONE,NONE,NONE,NONE
PHI2,33,5,VIDEO,0,NONE,0,0,NONE,NONE,NONE,NONE
PHI2,33,6,VIDEO,0,NONE,0,0,NONE,NONE,NONE,NONE
PHI2,33,7,VIDEO,0,NONE,0,0,NONE,NONE,NONE,NONE
PHI2,34,0,VIDEO,1,NONE,0,0,NONE,NONE,NONE,NONE
PHI2,34,1,VIDEO,1,NONE,0,0,NONE,NONE,NONE,NONE
PHI2,34,2,VIDEO,1,NONE,0,0,NONE,NONE,NONE,NONE
PHI2,34,3,VIDEO,0,NONE,0,0,NONE,NONE,NONE,NONE
PHI2,34,4,VIDEO,0,NONE,0,0,NONE,NONE,NONE,NONE
PHI2,34,5,VIDEO,0,NONE,0,0,NONE,NONE,NONE,NONE
PHI2,34,6,VIDEO,0,NONE,0,0,NONE,NONE,NONE,NONE
PHI2,34,7,VIDEO,0,NONE,0,0,NONE,NONE,NONE,NONE
PHI2,35,0,VIDEO,1,NONE,0,0,NONE,NONE,NONE,NONE
PHI2,35,1,VIDEO,1,NONE,0,0,NONE,NONE,NONE,NONE
PHI2,35,2,VIDEO,1,NONE,0,0,NONE,NONE,NONE,NONE
PHI2,35,3,VIDEO,0,NONE,0,0,NONE,NONE,NONE,NONE
PHI2,35,4,VIDEO,0,NONE,0,0,NONE,NONE,NONE,NONE
PHI2,35,5,VIDEO,0,NONE,0,0,NONE,NONE,NONE,NONE
PHI2,35,6,VIDEO,0,NONE,0,0,NONE,NONE,NONE,NONE
PHI2,35,7,VIDEO,0,NONE,0,0,NONE,NONE,NONE,NONE
PHI2,36,0,VIDEO,1,NONE,0,0,NONE,NONE,NONE,NONE
PHI2,36,1,VIDEO,1,NONE,0,0,NONE,NONE,NONE,NONE
PHI2,36,2,VIDEO,1,NONE,0,0,NONE,NONE,NONE,NONE
PHI2,36,3,VIDEO,0,NONE,0,0,NONE,NONE,NONE,NONE
PHI2,36,4,VIDEO,0,NONE,0,0,NONE,NONE,NONE,NONE
PHI2,36,5,VIDEO,0,NONE,0,0,NONE,NONE,NONE,NONE
PHI2,36,6,VIDEO,0,NONE,0,0,NONE,NONE,NONE,NONE
PHI2,36,7,VIDEO,0,NONE,0,0,NONE,NONE,NONE,NONE
PHI2,37,0,VIDEO,1,NONE,0,0,NONE,NONE,NONE,NONE
PHI2,37,1,VIDEO,1,NONE,0,0,NONE,NONE,NONE,NONE
PHI2,37,2,VIDEO,1,NONE,0,0,NONE,NONE,NONE,NONE
PHI2,37,3,VIDEO,0,NONE,0,0,NONE,NONE,NONE,NONE
PHI2,37,4,VIDEO,0,NONE,0,0,NONE,NONE,NONE,NONE
PHI2,37,5,VIDEO,0,NONE,0,0,NONE,NONE,NONE,NONE
PHI2,37,6,VIDEO,0,NONE,0,0,NONE,NONE,NONE,NONE
PHI2,37,7,VIDEO,0,NONE,0,0,NONE,NONE,NONE,NONE
PHI2,38,0,VIDEO,1,NONE,0,0,NONE,NONE,NONE,NONE
PHI2,38,1,VIDEO,1,NONE,0,0,NONE,NONE,NONE,NONE
PHI2,38,2,VIDEO,1,NONE,0,0,NONE,NONE,NONE,NONE
PHI2,38,3,VIDEO,0,NONE,0,0,NONE,NONE,NONE,NONE
PHI2,38,4,VIDEO,0,NONE,0,0,NONE,NONE,NONE,NONE
PHI2,38,5,VIDEO,0,NONE,0,0,NONE,NONE,NONE,NONE
PHI2,38,6,VIDEO,0,NONE,0,0,NONE,NONE,NONE,NONE
PHI2,38,7,VIDEO,0,NONE,0,0,NONE,NONE,NONE,NONE
PHI2,39,0,VIDEO,1,NONE,0,0,NONE,NONE,NONE,NONE
PHI2,39,1,VIDEO,1,NONE,0,0,NONE,NONE,NONE,NONE
PHI2,39,2,VIDEO,1,NONE,0,0,NONE,NONE,NONE,NONE
PHI2,39,3,VIDEO,0,NONE,0,0,NONE,NONE,NONE,NONE
PHI2,39,4,VIDEO,0,NONE,0,0,NONE,NONE,NONE,NONE
PHI2,39,5,VIDEO,0,NONE,0,0,NONE,NONE,NONE,NONE
PHI2,39,6,VIDEO,0,NONE,0,0,NONE,NONE,NONE,NONE
PHI2,39,7,VIDEO,0,NONE,0,0,NONE,NONE,NONE,NONE
PHI2,40,0,VIDEO,1,NONE,0,0,NONE,NONE,NONE,NONE
PHI2,40,1,VIDEO,1,NONE,0,0,NONE,NONE,NONE,NONE
PHI2,40,2,VIDEO,1,NONE,0,0,NONE,NONE,NONE,NONE
PHI2,40,3,VIDEO,0,NONE,0,0,NONE,NONE,NONE,NONE
PHI2,40,4,VIDEO,0,NONE,0,0,NONE,NONE,NONE,NONE
PHI2,40,5,VIDEO,0,NONE,0,0,NONE,NONE,NONE,NONE
PHI2,40,6,VIDEO,0,NONE,0,0,NONE,NONE,NONE,NONE
PHI2,40,7,VIDEO,0,NONE,0,0,NONE,NONE,NONE,NONE
PHI2,41,0,VIDEO,1,NONE,0,0,NONE,NONE,NONE,NONE
PHI2,41,1,VIDEO,1,NONE,0,0,NONE,NONE,NONE,NONE
PHI2,41,2,VIDEO,1,NONE,0,0,NONE,NONE,NONE,NONE
PHI2,41,3,VIDEO,0,NONE,0,0,NONE,NONE,NONE,NONE
PHI2,41,4,VIDEO,0,NONE,0,0,NONE,NONE,NONE,NONE
PHI2,41,5,VIDEO,0,NONE,0,0,NONE,NONE,NONE,NONE
PHI2,41,6,VIDEO,0,NONE,0,0,NONE,NONE,NONE,NONE
PHI2,41,7,VIDEO,0,NONE,0,0,NONE,NONE,NONE,NONE
PHI2,42,0,VIDEO,1,NONE,0,0,NONE,NONE,NONE,NONE
PHI2,42,1,VIDEO,1,NONE,0,0,NONE,NONE,NONE,NONE
PHI2,42,2,VIDEO,1,NONE,0,0,NONE,NONE,NONE,NONE
PHI2,42,3,VIDEO,0,NONE,0,0,NONE,NONE,NONE,NONE
PHI2,42,4,VIDEO,0,NONE,0,0,NONE,NONE,NONE,NONE
PHI2,42,5,VIDEO,0,NONE,0,0,NONE,NONE,NONE,NONE
PHI2,42,6,VIDEO,0,NONE,0,0,NONE,NONE,NONE,NONE
PHI2,42,7,VIDEO,0,NONE,0,0,NONE,NONE,NONE,NONE
PHI2,43,0,VIDEO,1,NONE,0,0,NONE,NONE,NONE,NONE
PHI2,43,1,VIDEO,1,NONE,0,0,NONE,NONE,NONE,NONE
PHI2,43,2,VIDEO,1,NONE,0,0,NONE,NONE,NONE,NONE
PHI2,43,3,VIDEO,0,NONE,0,0,NONE,NONE,NONE,NONE
PHI2,43,4,VIDEO,0,NONE,0,0,NONE,NONE,NONE,NONE
PHI2,43,5,VIDEO,0,NONE,0,0,NONE,NONE,NONE,NONE
PHI2,43,6,VIDEO,0,NONE,0,0,NONE,NONE,NONE,NONE
PHI2,43,7,VIDEO,0,NONE,0,0,NONE,NONE,NONE,NONE
PHI2,44,0,VIDEO,1,NONE,0,0,NONE,NONE,NONE,NONE
PHI2,44,1,VIDEO,1,NONE,0,0,NONE,NONE,NONE,NONE
PHI2,44,2,VIDEO,1,NONE,0,0,NONE,NONE,NONE,NONE
PHI2,44,3,VIDEO,0,NONE,0,0,NONE,NONE,NONE,NONE
PHI2,44,4,VIDEO,0,NONE,0,0,NONE,NONE,NONE,NONE
PHI2,44,5,VIDEO,0,NONE,0,0,NONE,NONE,NONE,NONE
PHI2,44,6,VIDEO,0,NONE,0,0,NONE,NONE,NONE,NONE
PHI2,44,7,VIDEO,0,NONE,0,0,NONE,NONE,NONE,NONE
PHI2,45,0,VIDEO,1,NONE,0,0,NONE,NONE,NONE,NONE
PHI2,45,1,VIDEO,1,NONE,0,0,NONE,NONE,NONE,NONE
PHI2,45,2,VIDEO,1,NONE,0,0,NONE,NONE,NONE,NONE
PHI2,45,3,VIDEO,0,NONE,0,0,NONE,NONE,NONE,NONE
PHI2,45,4,VIDEO,0,NONE,0,0,NONE,NONE,NONE,NONE
PHI2,45,5,VIDEO,0,NONE,0,0,NONE,NONE,NONE,NONE
PHI2,45,6,VIDEO,0,NONE,0,0,NONE,NONE,NONE,NONE
PHI2,45,7,VIDEO,0,NONE,0,0,NONE,NONE,NONE,NONE
PHI2,46,0,VIDEO,1,NONE,0,0,NONE,NONE,NONE,NONE
PHI2,46,1,VIDEO,1,NONE,0,0,NONE,NONE,NONE,NONE
PHI2,46,2,VIDEO,1,NONE,0,0,NONE,NONE,NONE,NONE
PHI2,46,3,VIDEO,0,NONE,0,0,NONE,NONE,NONE,NONE
PHI2,46,4,VIDEO,0,NONE,0,0,NONE,NONE,NONE,NONE
PHI2,46,5,VIDEO,0,NONE,0,0,NONE,NONE,NONE,NONE
PHI2,46,6,VIDEO,0,NONE,0,0,NONE,NONE,NONE,NONE
PHI2,46,7,VIDEO,0,NONE,0,0,NONE,NONE,NONE,NONE
PHI2,47,0,VIDEO,1,NONE,0,0,NONE,NONE,NONE,NONE
PHI2,47,1,VIDEO,1,NONE,0,0,NONE,NONE,NONE,NONE
PHI2,47,2,VIDEO,1,NONE,0,0,NONE,NONE,NONE,NONE
PHI2,47,3,VIDEO,0,NONE,0,0,NONE,NONE,NONE,NONE
PHI2,47,4,VIDEO,0,NONE,0,0,NONE,NONE,NONE,NONE
PHI2,47,5,VIDEO,0,NONE,0,0,NONE,NONE,NONE,NONE
PHI2,47,6,VIDEO,0,NONE,0,0,NONE,NONE,NONE,NONE
PHI2,47,7,VIDEO,0,NONE,0,0,NONE,NONE,NONE,NONE
PHI2,48,0,VIDEO,1,NONE,0,0,NONE,NONE,NONE,NONE
PHI2,48,1,VIDEO,1,NONE,0,0,NONE,NONE,NONE,NONE
PHI2,48,2,VIDEO,1,NONE,0,0,NONE,NONE,NONE,NONE
PHI2,48,3,VIDEO,0,NONE,0,0,NONE,NONE,NONE,NONE
PHI2,48,4,VIDEO,0,NONE,0,0,NONE,NONE,NONE,NONE
PHI2,48,5,VIDEO,0,NONE,0,0,NONE,NONE,NONE,NONE
PHI2,48,6,VIDEO,0,NONE,0,0,NONE,NONE,NONE,NONE
PHI2,48,7,VIDEO,0,NONE,0,0,NONE,NONE,NONE,NONE
PHI2,49,0,VIDEO,1,NONE,0,0,NONE,NONE,NONE,NONE
PHI2,49,1,VIDEO,1,NONE,0,0,NONE,NONE,NONE,NONE
PHI2,49,2,VIDEO,1,NONE,0,0,NONE,NONE,NONE,NONE
PHI2,49,3,VIDEO,0,NONE,0,0,NONE,NONE,NONE,NONE
PHI2,49,4,VIDEO,0,NONE,0,0,NONE,NONE,NONE,NONE
PHI2,49,5,VIDEO,0,NONE,0,0,NONE,NONE,NONE,NONE
PHI2,49,6,VIDEO,0,NONE,0,0,NONE,NONE,NONE,NONE
PHI2,49,7,VIDEO,0,NONE,0,0,NONE,NONE,NONE,NONE
PHI2,50,0,VIDEO,1,NONE,0,0,NONE,NONE,NONE,NONE
PHI2,50,1,VIDEO,1,NONE,0,0,NONE,NONE,NONE,NONE
PHI2,50,2,VIDEO,1,NONE,0,0,NONE,NONE,NONE,NONE
PHI2,50,3,VIDEO,0,NONE,0,0,NONE,NONE,NONE,NONE
PHI2,50,4,VIDEO,0,NONE,0,0,NONE,NONE,NONE,NONE
PHI2,50,5,VIDEO,0,NONE,0,0,NONE,NONE,NONE,NONE
PHI2,50,6,VIDEO,0,NONE,0,0,NONE,NONE,NONE,NONE
PHI2,50,7,VIDEO,0,NONE,0,0,NONE,NONE,NONE,NONE
PHI2,51,0,VIDEO,1,NONE,0,0,NONE,NONE,NONE,NONE
PHI2,51,1,VIDEO,1,NONE,0,0,NONE,NONE,NONE,NONE
PHI2,51,2,VIDEO,1,NONE,0,0,NONE,NONE,NONE,NONE
PHI2,51,3,VIDEO,0,NONE,0,0,NONE,NONE,NONE,NONE
PHI2,51,4,VIDEO,0,NONE,0,0,NONE,NONE,NONE,NONE
PHI2,51,5,VIDEO,0,NONE,0,0,NONE,NONE,NONE,NONE
PHI2,51,6,VIDEO,0,NONE,0,0,NONE,NONE,NONE,NONE
PHI2,51,7,VIDEO,0,NONE,0,0,NONE,NONE,NONE,NONE
PHI2,52,0,VIDEO,1,NONE,0,0,NONE,NONE,NONE,NONE
PHI2,52,1,VIDEO,1,NONE,0,0,NONE,NONE,NONE,NONE
PHI2,52,2,VIDEO,1,NONE,0,0,NONE,NONE,NONE,NONE
PHI2,52,3,VIDEO,0,NONE,0,0,NONE,NONE,NONE,NONE
PHI2,52,4,VIDEO,0,NONE,0,0,NONE,NONE,NONE,NONE
PHI2,52,5,VIDEO,0,NONE,0,0,NONE,NONE,NONE,NONE
PHI2,52,6,VIDEO,0,NONE,0,0,NONE,NONE,NONE,NONE
PHI2,52,7,VIDEO,0,NONE,0,0,NONE,NONE,NONE,NONE
PHI2,53,0,VIDEO,1,NONE,0,0,NONE,NONE,NONE,NONE
PHI2,53,1,VIDEO,1,NONE,0,0,NONE,NONE,NONE,NONE
PHI2,53,2,VIDEO,1,NONE,0,0,NONE,NONE,NONE,NONE
PHI2,53,3,VIDEO,0,NONE,0,0,NONE,NONE,NONE,NONE
PHI2,53,4,VIDEO,0,NONE,0,0,NONE,NONE,NONE,NONE
PHI2,53,5,VIDEO,0,NONE,0,0,NONE,NONE,NONE,NONE
PHI2,53,6,VIDEO,0,NONE,0,0,NONE,NONE,NONE,NONE
PHI2,53,7,VIDEO,0,NONE,0,0,NONE,NONE,NONE,NONE
PHI2,54,0,VIDEO,1,NONE,0,0,NONE,NONE,NONE,NONE
PHI2,54,1,VIDEO,1,NONE,0,0,NONE,NONE,NONE,NONE
PHI2,54,2,VIDEO,1,NONE,0,0,NONE,NONE,NONE,NONE
PHI2,54,3,VIDEO,0,NONE,0,0,NONE,NONE,NONE,NONE
PHI2,54,4,VIDEO,0,NONE,0,0,NONE,NONE,NONE,NONE
PHI2,54,5,VIDEO,0,NONE,0,0,NONE,NONE,NONE,NONE
PHI2,54,6,VIDEO,0,NONE,0,0,NONE,NONE,NONE,NONE
PHI2,54,7,VIDEO,0,NONE,0,0,NONE,NONE,NONE,NONE
PHI2,55,0,REFRESH,0,NONE,4,4,NONE,NONE,NONE,NONE
PHI2,55,1,REFRESH,0,NONE,0,0,NONE,NONE,NONE,NONE
PHI2,55,2,REFRESH,0,NONE,0,0,NONE,NONE,NONE,NONE
PHI2,55,3,REFRESH,0,NONE,0,0,NONE,NONE,NONE,NONE
PHI2,55,4,REFRESH,0,NONE,0,0,NONE,NONE,NONE,NONE
PHI2,55,5,REFRESH,0,NONE,0,0,NONE,NONE,NONE,NONE
PHI2,55,6,REFRESH,0,NONE,0,0,NONE,NONE,NONE,NONE
PHI2,55,7,REFRESH,0,NONE,0,0,NONE,NONE,NONE,NONE
PHI2,56,0,REFRESH,0,NONE,0,0,NONE,NONE,NONE,NONE
PHI2,56,1,REFRESH,0,NONE,0,0,NONE,NONE,NONE,NONE
PHI2,56,2,REFRESH,0,NONE,0,0,NONE,NONE,NONE,NONE
PHI2,56,3,REFRESH,0,NONE,0,0,NONE,NONE,NONE,NONE
PHI2,56,4,REFRESH,0,NONE,0,0,NONE,NONE,NONE,NONE
PHI2,56,5,REFRESH,0,NONE,0,0,NONE,NONE,NONE,NONE
PHI2,56,6,REFRESH,0,NONE,0,0,NONE,NONE,NONE,NONE
PHI2,56,7,REFRESH,0,NONE,0,0,NONE,NONE,NONE,NONE
PHI2,57,0,SPRITE,1,NONE,0,1,NONE,NONE,NONE,NONE
PHI2,57,1,SPRITE,1,NONE,0,1,NONE,NONE,NONE,NONE
PHI2,57,2,SPRITE,1,NONE,0,1,NONE,NONE,NONE,NONE
PHI2,57,3,SPRITE,1,NONE,0,1,NONE,NONE,NONE,NONE
PHI2,57,4,SPRITE,0,NONE,0,1,NONE,NONE,NONE,NONE
PHI2,57,5,SPRITE,0,NONE,0,1,NONE,NONE,NONE,NONE
PHI2,57,6,SPRITE,0,NONE,0,1,NONE,NONE,NONE,NONE
PHI2,57,7,SPRITE,0,NONE,0,1,NONE,NONE,NONE,NONE
PHI2,58,0,SPRITE,1,NONE,0,1,NONE,NONE,NONE,NONE
PHI2,58,1,SPRITE,1,NONE,0,1,NONE,NONE,NONE,NONE
PHI2,58,2,SPRITE,1,NONE,0,1,NONE,NONE,NONE,NONE
PHI2,58,3,SPRITE,1,NONE,0,1,NONE,NONE,NONE,NONE
PHI2,58,4,SPRITE,0,NONE,0,1,NONE,NONE,NONE,NONE
PHI2,58,5,SPRITE,0,NONE,0,1,NONE,NONE,NONE,NONE
PHI2,58,6,SPRITE,0,NONE,0,1,NONE,NONE,NONE,NONE
PHI2,58,7,SPRITE,0,NONE,0,1,NONE,NONE,NONE,NONE
PHI2,59,0,SPRITE,1,NONE,0,1,NONE,NONE,NONE,NONE
PHI2,59,1,SPRITE,1,NONE,0,1,NONE,NONE,NONE,NONE
PHI2,59,2,SPRITE,1,NONE,0,1,NONE,NONE,NONE,NONE
PHI2,59,3,SPRITE,1,NONE,0,1,NONE,NONE,NONE,NONE
PHI2,59,4,SPRITE,0,NONE,0,1,NONE,NONE,NONE,NONE
PHI2,59,5,SPRITE,0,NONE,0,1,NONE,NONE,NONE,NONE
PHI2,59,6,SPRITE,0,NONE,0,1,NONE,NONE,NONE,NONE
PHI2,59,7,SPRITE,0,NONE,0,1,NONE,NONE,NONE,NONE
PHI2,60,0,SPRITE,1,NONE,0,1,NONE,NONE,NONE,NONE
PHI2,60,1,SPRITE,1,NONE,0,1,NONE,NONE,NONE,NONE
PHI2,60,2,SPRITE,1,NONE,0,1,NONE,NONE,NONE,NONE
PHI2,60,3,SPRITE,1,NONE,0,1,NONE,NONE,NONE,NONE
PHI2,60,4,SPRITE,0,NONE,0,1,NONE,NONE,NONE,NONE
PHI2,60,5,SPRITE,0,NONE,0,1,NONE,NONE,NONE,NONE
PHI2,60,6,SPRITE,0,NONE,0,1,NONE,NONE,NONE,NONE
PHI2,60,7,SPRITE,0,NONE,0,1,NONE,NONE,NONE,NONE
PHI2,61,0,SPRITE,1,NONE,0,1,NONE,NONE,NONE,NONE
PHI2,61,1,SPRITE,1,NONE,0,1,NONE,NONE,NONE,NONE
PHI2,61,2,SPRITE,1,NONE,0,1,NONE,NONE,NONE,NONE
PHI2,61,3,SPRITE,1,NONE,0,1,NONE,NONE,NONE,NONE
PHI2,61,4,SPRITE,0,NONE,0,1,NONE,NONE,NONE,NONE
PHI2,61,5,SPRITE,0,NONE,0,1,NONE,NONE,NONE,NONE
PHI2,61,6,SPRITE,0,NONE,0,1,NONE,NONE,NONE,NONE
PHI2,61,7,SPRITE,0,NONE,0,1,NONE,NONE,NONE,NONE
PHI2,62,0,SPRITE,1,NONE,0,1,NONE,NONE,NONE,NONE
PHI2,62,1,SPRITE,1,NONE,0,1,NONE,NONE,NONE,NONE
PHI2,62,2,SPRITE,1,NONE,0,1,NONE,NONE,NONE,NONE
PHI2,62,3,SPRITE,1,NONE,0,1,NONE,NONE,NONE,NONE
PHI2,62,4,SPRITE,0,NONE,0,1,NONE,NONE,NONE,NONE
PHI2,62,5,SPRITE,0,NONE,0,1,NONE,NONE,NONE,NONE
PHI2,62,6,SPRITE,0,NONE,0,1,NONE,NONE,NONE,NONE
PHI2,62,7,SPRITE,0,NONE,0,1,NONE,NONE,NONE,NONE
