step,aec,pre_phase,post_phase,pending,dummy,irq,nmi,last_vic,halfcycles,marker
0,0,2,1,5,1,0,0,1,1,0
1,0,1,2,5,1,1,1,1,2,0
2,1,2,1,4,1,1,1,0,3,1
3,1,1,2,4,1,1,1,0,4,1
4,1,2,1,3,1,1,1,0,5,2
5,0,1,2,2,1,0,1,1,6,2
6,1,2,1,1,1,1,1,0,7,2
7,0,1,2,0,0,1,1,1,8,2
8,0,2,1,0,0,1,1,1,9,2
9,1,1,2,11,0,0,1,0,10,2
10,1,2,1,10,0,0,1,0,11,2
11,1,1,2,9,0,1,0,0,12,2
12,1,2,1,8,0,1,1,0,13,2
13,1,1,2,7,0,1,0,0,14,2
14,0,2,1,10,1,1,1,1,15,2
15,0,1,2,10,1,0,1,1,16,2
16,1,2,1,9,1,1,1,0,17,2
17,1,1,2,8,1,1,1,0,18,2
18,1,2,1,7,1,0,1,0,19,2
19,1,1,2,6,1,1,1,0,20,2
20,1,2,1,5,1,0,1,0,21,2
21,0,1,2,4,1,1,1,1,22,2
22,0,2,1,4,1,1,0,1,23,2
23,1,1,2,4,1,1,1,0,24,2
24,0,2,1,4,1,1,1,1,25,2
25,1,1,2,4,1,0,1,0,26,2
26,1,2,1,3,1,1,0,0,27,2
27,1,1,2,2,1,0,1,0,28,2
28,0,2,1,2,1,1,1,1,29,2
29,0,1,2,2,1,1,1,1,30,2
30,1,2,1,1,1,0,1,0,31,2
31,1,1,2,0,0,1,1,0,32,2
32,1,2,1,0,0,1,1,0,33,3
33,1,1,2,16,0,1,0,0,34,3
34,1,2,1,15,0,1,1,0,35,3
35,0,1,2,17,1,0,1,1,36,3
36,0,2,1,17,1,0,1,1,37,3
37,1,1,2,17,1,1,1,0,38,3
38,1,2,1,16,1,1,1,0,39,3
39,1,1,2,15,1,1,0,0,40,3
40,1,2,1,14,1,0,1,0,41,3
41,1,1,2,13,1,1,1,0,42,3
42,0,2,1,13,1,1,1,1,43,3
43,0,1,2,13,1,1,1,1,44,3
44,1,2,1,12,1,1,0,0,45,3
45,1,1,2,11,1,0,1,0,46,3
46,1,2,1,10,1,1,1,0,47,3
47,1,1,2,9,1,1,1,0,48,3
48,1,2,1,8,1,1,1,0,49,3
49,0,1,2,7,1,1,1,1,50,3
50,0,2,1,7,1,0,1,1,51,3
51,1,1,2,7,1,1,1,0,52,3
52,1,2,1,6,1,1,0,0,53,3
53,1,1,2,5,1,1,1,0,54,3
54,1,2,1,4,1,0,1,0,55,3
55,1,1,2,3,1,0,0,0,56,3
56,0,2,1,3,1,1,1,1,57,3
57,0,1,2,2,1,1,1,1,58,3
58,1,2,1,1,1,1,1,0,59,3
59,1,1,2,0,0,1,1,0,60,3
60,1,2,1,11,0,0,1,0,61,3
61,1,1,2,11,0,1,1,0,62,3
62,0,2,1,14,1,1,1,1,63,3
63,0,1,2,14,1,0,1,1,64,3
64,0,2,1,14,1,1,1,1,65,3
65,1,1,2,14,1,0,0,0,66,3
66,1,2,1,13,1,1,0,0,67,3
67,1,1,2,12,1,1,1,0,68,3
68,1,2,1,11,1,1,1,0,69,3
69,1,1,2,10,1,1,1,0,70,3
70,0,2,1,10,1,0,1,1,71,3
71,0,1,2,10,1,1,1,1,72,3
72,1,2,1,9,1,0,1,0,73,3
73,1,1,2,8,1,1,1,0,74,3
74,1,2,1,7,1,1,1,0,75,3
75,1,1,2,6,1,0,1,0,76,3
76,1,2,1,5,1,1,1,0,77,3
77,0,1,2,4,1,1,0,1,78,3
78,0,2,1,4,1,1,0,1,79,3
79,1,1,2,4,1,1,1,0,80,3
80,1,2,1,3,1,0,1,0,81,3
81,0,1,2,2,1,0,1,1,82,3
82,1,2,1,1,1,1,1,0,83,3
83,1,1,2,0,0,1,1,0,84,3
84,0,2,1,3,1,1,1,1,85,3
85,0,1,2,2,1,0,1,1,86,3
86,1,2,1,1,1,1,1,0,87,3
87,1,1,2,0,0,1,1,0,88,3
88,1,2,1,16,0,1,0,0,89,3
89,1,1,2,16,0,1,1,0,90,3
90,1,2,1,15,0,0,1,0,91,3
91,0,1,2,17,1,1,0,1,92,3
92,0,2,1,17,1,1,1,1,93,3
93,1,1,2,17,1,1,1,0,94,3
94,1,2,1,16,1,1,1,0,95,3
95,1,1,2,15,1,0,1,0,96,3
96,1,2,1,14,1,1,1,0,97,3
97,1,1,2,13,1,1,1,0,98,3
98,0,2,1,13,1,1,1,1,99,3
99,0,1,2,13,1,0,0,1,100,3
100,0,2,1,13,1,0,1,1,101,3
101,1,1,2,13,1,1,1,0,102,3
102,1,2,1,12,1,1,1,0,103,3
103,1,1,2,11,1,1,1,0,104,3
104,1,2,1,10,1,1,0,0,105,3
105,0,1,2,9,1,0,1,1,106,3
106,0,2,1,9,1,1,1,1,107,3
107,1,1,2,9,1,1,1,0,108,3
108,1,2,1,8,1,0,1,0,109,3
109,1,1,2,7,1,1,1,0,110,3
110,1,2,1,6,1,0,0,0,111,3
111,1,1,2,5,1,1,1,0,112,3
112,0,2,1,5,1,1,1,1,113,3
113,0,1,2,5,1,1,1,1,114,3
114,1,2,1,4,1,1,1,0,115,3
115,1,1,2,3,1,0,1,0,116,3
116,1,2,1,3,1,1,1,0,117,3
117,1,1,2,2,1,0,0,0,118,3
118,1,2,1,1,1,1,1,0,119,3
119,0,1,2,0,0,1,1,1,120,3
120,0,2,1,0,0,0,1,1,121,3
121,1,1,2,11,0,1,0,0,122,3
122,1,2,1,10,0,1,1,0,123,3
123,1,1,2,9,0,1,1,0,124,3
124,1,2,1,8,0,1,1,0,125,3
125,1,1,2,7,0,0,1,0,126,3
126,0,2,1,10,1,0,1,1,127,3
127,0,1,2,10,1,1,1,1,128,3
128,1,2,1,9,1,1,1,0,129,3
129,1,1,2,8,1,1,1,0,130,3
130,1,2,1,7,1,0,0,0,131,3
131,1,1,2,6,1,1,1,0,132,3
132,1,2,1,5,1,1,0,0,133,3
133,0,1,2,4,1,1,1,1,134,3
134,0,2,1,4,1,1,1,1,135,3
135,1,1,2,4,1,0,1,0,136,3
136,1,2,1,3,1,1,1,0,137,3
137,1,1,2,2,1,1,1,0,138,3
138,0,2,1,2,1,1,1,1,139,3
139,1,1,2,2,1,1,1,0,140,3
140,0,2,1,2,1,0,1,1,141,3
141,0,1,2,2,1,1,1,1,142,3
142,1,2,1,1,1,1,1,0,143,3
143,1,1,2,0,0,1,0,0,144,3
144,1,2,1,0,0,0,1,0,145,4
145,1,1,2,16,0,0,1,0,146,4
146,1,2,1,15,0,1,1,0,147,4
147,0,1,2,17,1,1,1,1,148,4
148,0,2,1,17,1,1,1,1,149,4
149,1,1,2,17,1,1,1,0,150,4
150,1,2,1,16,1,0,1,0,151,4
151,1,1,2,15,1,1,1,0,152,4
152,1,2,1,14,1,1,1,0,153,4
153,1,1,2,13,1,0,1,0,154,4
154,0,2,1,13,1,1,0,1,155,4
155,0,1,2,13,1,0,1,1,156,4
156,1,2,1,12,1,1,0,0,157,4
157,0,1,2,11,1,1,1,1,158,4
158,1,2,1,10,1,1,1,0,159,4
159,1,1,2,9,1,1,1,0,160,4
160,1,2,1,8,1,0,1,0,161,4
161,0,1,2,7,1,1,1,1,162,4
162,0,2,1,7,1,0,1,1,163,4
163,1,1,2,7,1,1,1,0,164,4
164,1,2,1,6,1,1,1,0,165,4
165,1,1,2,5,1,0,0,0,166,4
166,1,2,1,4,1,1,1,0,167,4
167,1,1,2,3,1,1,1,0,168,4
168,0,2,1,3,1,1,1,1,169,4
169,0,1,2,2,1,1,0,1,170,4
170,1,2,1,1,1,0,1,0,171,4
171,1,1,2,0,0,0,1,0,172,4
172,1,2,1,11,0,1,1,0,173,4
173,1,1,2,11,0,1,1,0,174,4
174,1,2,1,10,0,1,1,0,175,4
175,0,1,2,12,1,0,1,1,176,4
176,0,2,1,12,1,1,0,1,177,4
177,1,1,2,12,1,1,1,0,178,4
178,1,2,1,11,1,1,1,0,179,4
179,1,1,2,10,1,1,1,0,180,4
180,1,2,1,9,1,0,1,0,181,4
181,1,1,2,8,1,1,1,0,182,4
182,0,2,1,8,1,1,0,1,183,4
183,0,1,2,8,1,1,1,1,184,4
184,1,2,1,7,1,1,1,0,185,4
185,1,1,2,6,1,0,1,0,186,4
186,1,2,1,5,1,1,1,0,187,4
187,1,1,2,4,1,1,0,0,188,4
188,1,2,1,3,1,1,1,0,189,4
189,0,1,2,2,1,0,1,1,190,4
190,0,2,1,2,1,0,1,1,191,4
191,1,1,2,2,1,1,1,0,192,4
